year,age,men,women
2015,0,68212,64448
2015,1,64914,60856
2015,2,71197,69055
2015,3,77534,82357
2015,4,85758,81156
2015,5,81251,83102
2015,6,86801,79319
2015,7,95272,79722
2015,8,102435,94091
2015,9,95464,95068
2015,10,105443,95968
2015,11,84191,70995
2015,12,67906,62309
2015,13,89522,80346
2015,14,95231,82173
2015,15,96892,86203
2015,16,88936,84406
2015,17,81436,82391
2015,18,88697,96245
2015,19,104033,117699
2015,20,103827,110344
2015,21,98189,92536
2015,22,82765,78013
2015,23,89921,94982
2015,24,89041,92599
2015,25,91352,95631
2015,26,121609,125053
2015,27,108082,109733
2015,28,119665,120955
2015,29,125785,130467
2015,30,115219,122321
2015,31,147667,158485
2015,32,88774,94231
2015,33,111861,127030
2015,34,107954,114716
2015,35,94008,113885
2015,36,128529,143993
2015,37,105944,118246
2015,38,105079,118251
2015,39,115102,131692
2015,40,100343,112124
2015,41,174320,205638
2015,42,101210,122819
2015,43,138520,151516
2015,44,124760,142187
2015,45,93642,111945
2015,46,139697,150269
2015,47,97476,116413
2015,48,97794,116465
2015,49,107125,133989
2015,50,89679,108498
2015,51,162908,192464
2015,52,94417,114028
2015,53,118577,136835
2015,54,120450,140605
2015,55,93184,121105
2015,56,111589,126078
2015,57,91227,105695
2015,58,72245,93610
2015,59,79747,106390
2015,60,66795,85763
2015,61,118733,162382
2015,62,59622,81090
2015,63,73841,96818
2015,64,72572,93565
2015,65,51728,67694
2015,66,68541,85544
2015,67,42672,56574
2015,68,51002,62292
2015,69,44500,57734
2015,70,31516,42836
2015,71,47721,64871
2015,72,26807,38528
2015,73,39432,54747
2015,74,31276,41806
2015,75,26630,36010
2015,76,25953,38906
2015,77,22586,30373
2015,78,16879,28932
2015,79,22055,38183
2015,80,13274,17879
2015,81,21771,40430
2015,82,10998,15301
2015,83,15899,21773
2015,84,12363,21844
2015,85,11883,22380
2015,86,8718,14370
2015,87,8005,11634
2015,88,5695,10547
2015,89,3500,6216
2015,90,2361,4257
2015,91,5386,8128
2015,92,2007,2614
2015,93,2638,3410
2015,94,1728,3645
2015,95,1451,2123
2015,96,790,2503
2015,97,650,1703
2015,98,606,1472
2015,99,212,330
2015,100,626,1100
2016,0,68131,64126
2016,1,68515,64766
2016,2,65359,61332
2016,3,71696,69610
2016,4,78081,82903
2016,5,86284,81693
2016,6,81851,83607
2016,7,87427,79828
2016,8,95956,80349
2016,9,103081,94611
2016,10,96171,95636
2016,11,105981,96363
2016,12,84652,71380
2016,13,68441,62797
2016,14,90025,80875
2016,15,95854,82711
2016,16,97446,86778
2016,17,89493,84967
2016,18,82026,83058
2016,19,89355,97048
2016,20,104729,118490
2016,21,104501,110952
2016,22,98753,93066
2016,23,83378,78644
2016,24,90505,95584
2016,25,89598,93258
2016,26,92133,96466
2016,27,122317,125803
2016,28,108869,110569
2016,29,120449,121859
2016,30,126525,131249
2016,31,116175,123331
2016,32,148161,159059
2016,33,89479,95085
2016,34,112525,127788
2016,35,108537,115442
2016,36,94793,114958
2016,37,129215,144724
2016,38,106573,119030
2016,39,105719,119044
2016,40,115633,132372
2016,41,101416,113455
2016,42,174799,206342
2016,43,102030,123801
2016,44,139177,152390
2016,45,125132,142789
2016,46,94436,112823
2016,47,140065,150849
2016,48,97887,117061
2016,49,98281,117242
2016,50,107429,134488
2016,51,90486,109661
2016,52,162893,192783
2016,53,94792,114625
2016,54,118781,137396
2016,55,120408,140987
2016,56,93355,121539
2016,57,111383,126345
2016,58,91003,105926
2016,59,72135,93965
2016,60,79466,106421
2016,61,66967,86450
2016,62,117821,161996
2016,63,59348,81265
2016,64,73330,96824
2016,65,71818,93323
2016,66,51426,67727
2016,67,67671,85168
2016,68,42242,56464
2016,69,50358,62043
2016,70,43754,57337
2016,71,31114,42747
2016,72,46706,64240
2016,73,26332,38338
2016,74,38448,54135
2016,75,30415,41366
2016,76,25821,35550
2016,77,25118,38198
2016,78,21620,29764
2016,79,16219,28315
2016,80,20893,37052
2016,81,12604,17424
2016,82,20231,38589
2016,83,10150,14593
2016,84,14553,20501
2016,85,11140,20443
2016,86,10513,20569
2016,87,7661,13102
2016,88,6899,10435
2016,89,4881,9288
2016,90,2881,5361
2016,91,1909,3565
2016,92,4254,6732
2016,93,1522,2083
2016,94,1959,2694
2016,95,1283,2769
2016,96,1019,1606
2016,97,540,1786
2016,98,434,1198
2016,99,367,953
2016,100,520,895
2017,0,66678,63157
2017,1,68491,64504
2017,2,68978,65202
2017,3,65821,61835
2017,4,72239,70173
2017,5,78659,83501
2017,6,86883,82258
2017,7,82440,84112
2017,8,88102,80322
2017,9,96671,80986
2017,10,103696,95216
2017,11,96897,96175
2017,12,106529,96797
2017,13,85136,71767
2017,14,69048,63299
2017,15,90559,81412
2017,16,96550,83289
2017,17,98078,87409
2017,18,90061,85594
2017,19,82626,83733
2017,20,90058,97908
2017,21,105433,119312
2017,22,105171,111636
2017,23,99292,93621
2017,24,83960,79347
2017,25,91106,96254
2017,26,90204,93935
2017,27,93011,97390
2017,28,123062,126575
2017,29,109751,111421
2017,30,121268,122794
2017,31,127262,132067
2017,32,117109,124416
2017,33,148684,159745
2017,34,90222,95961
2017,35,113241,128555
2017,36,109126,116231
2017,37,95635,115986
2017,38,129814,145448
2017,39,107232,119863
2017,40,106426,119933
2017,41,116217,133090
2017,42,102584,114875
2017,43,175242,206994
2017,44,102871,124800
2017,45,139868,153272
2017,46,125551,143410
2017,47,95191,113816
2017,48,140392,151510
2017,49,98304,117682
2017,50,98695,118027
2017,51,107706,134963
2017,52,91311,110771
2017,53,162795,193072
2017,54,95082,115259
2017,55,119007,137997
2017,56,120332,141381
2017,57,93486,122067
2017,58,111135,126613
2017,59,90730,106145
2017,60,71988,94266
2017,61,79075,106458
2017,62,67043,87100
2017,63,116792,161541
2017,64,59077,81388
2017,65,72831,96779
2017,66,71040,93045
2017,67,50998,67807
2017,68,66743,84760
2017,69,41784,56335
2017,70,49575,61772
2017,71,42945,56971
2017,72,30704,42597
2017,73,45646,63564
2017,74,25831,38134
2017,75,37401,53433
2017,76,29478,40815
2017,77,24990,34955
2017,78,24158,37385
2017,79,20603,29080
2017,80,15393,27602
2017,81,19689,35665
2017,82,11864,16858
2017,83,18602,36491
2017,84,9296,13862
2017,85,13075,19085
2017,86,9885,18795
2017,87,9191,18693
2017,88,6631,11659
2017,89,5823,9219
2017,90,4061,8032
2017,91,2362,4530
2017,92,1535,3003
2017,93,3254,5406
2017,94,1137,1630
2017,95,1428,2049
2017,96,891,2106
2017,97,685,1186
2017,98,360,1254
2017,99,261,777
2017,100,556,1176
2018,0,65890,62502
2018,1,67072,63492
2018,2,68985,65002
2018,3,69488,65663
2018,4,66378,62340
2018,5,72797,70758
2018,6,79315,84084
2018,7,87512,82860
2018,8,83062,84677
2018,9,88814,80858
2018,10,97454,81667
2018,11,104411,95787
2018,12,97674,96853
2018,13,107118,97314
2018,14,85626,72259
2018,15,69663,63881
2018,16,91272,81993
2018,17,97260,83963
2018,18,98685,88042
2018,19,90661,86277
2018,20,83270,84526
2018,21,90913,98847
2018,22,106186,120200
2018,23,105883,112333
2018,24,99867,94181
2018,25,84593,80098
2018,26,91742,96944
2018,27,90902,94658
2018,28,93892,98260
2018,29,123847,127380
2018,30,110553,112275
2018,31,122170,123724
2018,32,128040,133025
2018,33,118152,125620
2018,34,149235,160426
2018,35,91047,96940
2018,36,114009,129383
2018,37,109755,117048
2018,38,96586,117014
2018,39,130509,146245
2018,40,107893,120673
2018,41,107225,120882
2018,42,116834,133879
2018,43,103826,116293
2018,44,175721,207780
2018,45,103805,125864
2018,46,140539,154189
2018,47,126002,144126
2018,48,96017,114792
2018,49,140721,152133
2018,50,98715,118367
2018,51,99204,118800
2018,52,107925,135488
2018,53,92113,111969
2018,54,162668,193438
2018,55,95438,116000
2018,56,119145,138621
2018,57,120253,141822
2018,58,93582,122600
2018,59,110936,126796
2018,60,90377,106311
2018,61,71836,94612
2018,62,78774,106494
2018,63,67172,87779
2018,64,115680,161010
2018,65,58748,81530
2018,66,72241,96647
2018,67,70161,92711
2018,68,50639,67809
2018,69,65729,84323
2018,70,41294,56161
2018,71,48742,61426
2018,72,42136,56555
2018,73,30197,42473
2018,74,44522,62838
2018,75,25256,37852
2018,76,36289,52616
2018,77,28495,40118
2018,78,24012,34257
2018,79,23115,36482
2018,80,19514,28209
2018,81,14565,26726
2018,82,18370,34061
2018,83,11013,16236
2018,84,16959,34233
2018,85,8435,12972
2018,86,11584,17576
2018,87,8721,17069
2018,88,7926,16738
2018,89,5666,10258
2018,90,4852,7936
2018,91,3274,6760
2018,92,1873,3709
2018,93,1185,2415
2018,94,2408,4158
2018,95,825,1279
2018,96,1028,1541
2018,97,636,1530
2018,98,460,806
2018,99,191,819
2018,100,490,1252
2019,0,65028,61371
2019,1,66304,62917
2019,2,67602,64000
2019,3,69544,65509
2019,4,69979,66130
2019,5,66916,62890
2019,6,73378,71432
2019,7,80014,84714
2019,8,88137,83486
2019,9,83715,85295
2019,10,89578,81422
2019,11,98243,82403
2019,12,105111,96472
2019,13,98467,97519
2019,14,107750,97801
2019,15,86118,72740
2019,16,70343,64505
2019,17,91997,82640
2019,18,98058,84635
2019,19,99386,88690
2019,20,91311,86917
2019,21,83968,85273
2019,22,91696,99776
2019,23,107010,121068
2019,24,106619,113101
2019,25,100505,94798
2019,26,85255,80892
2019,27,92417,97681
2019,28,91588,95415
2019,29,94797,99291
2019,30,124679,128278
2019,31,111468,113202
2019,32,123079,124739
2019,33,128857,134012
2019,34,119257,126813
2019,35,149840,161101
2019,36,91887,97999
2019,37,114836,130218
2019,38,110475,117826
2019,39,97534,118068
2019,40,131171,147127
2019,41,108635,121606
2019,42,108047,121815
2019,43,117504,134702
2019,44,105023,117833
2019,45,176191,208482
2019,46,104688,127031
2019,47,141151,155120
2019,48,126423,144771
2019,49,96853,115821
2019,50,141058,152818
2019,51,99169,119057
2019,52,99690,119634
2019,53,108125,135985
2019,54,92923,113198
2019,55,162429,193725
2019,56,95714,116683
2019,57,119244,139184
2019,58,120027,142279
2019,59,93631,123065
2019,60,110575,127046
2019,61,90015,106547
2019,62,71658,94884
2019,63,78299,106567
2019,64,67144,88418
2019,65,114423,160462
2019,66,58430,81645
2019,67,71598,96557
2019,68,69282,92350
2019,69,50135,67714
2019,70,64616,83764
2019,71,40729,55953
2019,72,47846,61009
2019,73,41264,56030
2019,74,29640,42333
2019,75,43309,62034
2019,76,24583,37494
2019,77,35049,51665
2019,78,27427,39326
2019,79,22966,33465
2019,80,21919,35298
2019,81,18427,27245
2019,82,13698,25644
2019,83,16918,32272
2019,84,10152,15494
2019,85,15301,31733
2019,86,7569,12013
2019,87,10179,15990
2019,88,7566,15385
2019,89,6747,14723
2019,90,4747,8877
2019,91,3974,6758
2019,92,2576,5583
2019,93,1454,2980
2019,94,889,1924
2019,95,1747,3203
2019,96,582,969
2019,97,740,1158
2019,98,419,1054
2019,99,288,559
2019,100,393,1293
2020,0,64253,60980
2020,1,65468,61829
2020,2,66839,63412
2020,3,68172,64520
2020,4,70099,66067
2020,5,70518,66637
2020,6,67536,63459
2020,7,74026,72141
2020,8,80750,85402
2020,9,88791,84163
2020,10,84368,85936
2020,11,90357,81993
2020,12,99107,83130
2020,13,105874,97182
2020,14,99334,98260
2020,15,108412,98352
2020,16,86701,73275
2020,17,71121,65188
2020,18,92883,83310
2020,19,98831,85389
2020,20,100119,89432
2020,21,91995,87594
2020,22,84654,86150
2020,23,92506,100773
2020,24,107884,121987
2020,25,107413,113920
2020,26,101127,95474
2020,27,85955,81645
2020,28,93182,98465
2020,29,92348,96232
2020,30,95792,100374
2020,31,125462,129182
2020,32,112438,114193
2020,33,124054,125926
2020,34,129738,135039
2020,35,120455,128156
2020,36,150496,161831
2020,37,92749,99136
2020,38,115631,131102
2020,39,111179,118749
2020,40,98544,119226
2020,41,131870,148052
2020,42,109390,122515
2020,43,108863,122841
2020,44,118109,135539
2020,45,106304,119505
2020,46,176678,209311
2020,47,105690,128186
2020,48,141864,156054
2020,49,126848,145516
2020,50,97804,116846
2020,51,141342,153448
2020,52,99558,119796
2020,53,100050,120461
2020,54,108266,136516
2020,55,93760,114468
2020,56,162155,193988
2020,57,96057,117390
2020,58,119367,139879
2020,59,119773,142584
2020,60,93718,123484
2020,61,110160,127290
2020,62,89602,106779
2020,63,71433,95201
2020,64,77801,106556
2020,65,67246,89159
2020,66,113060,159830
2020,67,58052,81701
2020,68,70819,96378
2020,69,68412,91853
2020,70,49626,67590
2020,71,63419,83124
2020,72,40130,55713
2020,73,46869,60559
2020,74,40288,55489
2020,75,29014,42099
2020,76,41952,60984
2020,77,23888,37014
2020,78,33667,50704
2020,79,26208,38375
2020,80,21840,32552
2020,81,20620,34064
2020,82,17196,26151
2020,83,12775,24488
2020,84,15435,30374
2020,85,9228,14630
2020,86,13546,29189
2020,87,6678,11010
2020,88,8813,14361
2020,89,6458,13518
2020,90,5585,12758
2020,91,3872,7562
2020,92,3139,5647
2020,93,1972,4469
2020,94,1089,2343
2020,95,658,1461
2020,96,1201,2395
2020,97,409,702
2020,98,493,836
2020,99,283,697
2020,100,410,1175
2021,0,62397,59431
2021,1,64725,61425
2021,2,66049,62357
2021,3,67394,64020
2021,4,68817,65120
2021,5,70716,66645
2021,6,71115,67196
2021,7,68159,64079
2021,8,74722,72907
2021,9,81507,86098
2021,10,89471,84920
2021,11,85099,86575
2021,12,91126,82629
2021,13,99910,83886
2021,14,106627,97898
2021,15,100248,98958
2021,16,109113,98945
2021,17,87303,73875
2021,18,71930,65979
2021,19,93690,84020
2021,20,99696,86169
2021,21,100826,90182
2021,22,92684,88354
2021,23,85463,87034
2021,24,93438,101826
2021,25,108770,122966
2021,26,108238,114767
2021,27,101831,96153
2021,28,86743,82486
2021,29,93929,99237
2021,30,93127,97092
2021,31,96774,101497
2021,32,126345,130160
2021,33,113423,115236
2021,34,125120,127032
2021,35,130613,136146
2021,36,121678,129547
2021,37,151181,162644
2021,38,93660,100271
2021,39,116503,132014
2021,40,111897,119720
2021,41,99579,120389
2021,42,132653,148982
2021,43,110171,123509
2021,44,109683,123929
2021,45,118787,136444
2021,46,107609,121247
2021,47,177159,210064
2021,48,106678,129410
2021,49,142597,157055
2021,50,127293,146286
2021,51,98703,117948
2021,52,141659,154178
2021,53,99918,120493
2021,54,100442,121323
2021,55,108501,137117
2021,56,94542,115770
2021,57,161794,194371
2021,58,96353,118027
2021,59,119404,140472
2021,60,119384,142913
2021,61,93686,123899
2021,62,109593,127506
2021,63,89027,106887
2021,64,71092,95459
2021,65,77238,106475
2021,66,67273,89702
2021,67,111628,159131
2021,68,57562,81686
2021,69,69936,96217
2021,70,67345,91364
2021,71,49101,67455
2021,72,62115,82503
2021,73,39484,55422
2021,74,45802,60096
2021,75,39261,54838
2021,76,28305,41746
2021,77,40461,59872
2021,78,23138,36470
2021,79,32202,49409
2021,80,24903,37312
2021,81,20604,31491
2021,82,19337,32673
2021,83,15944,24982
2021,84,11775,23170
2021,85,13929,28233
2021,86,8316,13635
2021,87,11909,26436
2021,88,5779,9977
2021,89,7491,12648
2021,90,5388,11721
2021,91,4543,10667
2021,92,3053,6279
2021,93,2395,4547
2021,94,1455,3489
2021,95,777,1793
2021,96,471,1077
2021,97,847,1768
2021,98,270,504
2021,99,309,564
2021,100,402,1189
2022,0,61439,58255
2022,1,62877,59941
2022,2,65325,61990
2022,3,66666,62921
2022,4,67978,64614
2022,5,69472,65741
2022,6,71326,67260
2022,7,71753,67771
2022,8,68876,64747
2022,9,75461,73643
2022,10,82324,86874
2022,11,90188,85668
2022,12,85859,87344
2022,13,91929,83309
2022,14,100887,84727
2022,15,107419,98693
2022,16,101238,99826
2022,17,109902,99623
2022,18,87971,74475
2022,19,72764,66739
2022,20,94577,84801
2022,21,100584,87032
2022,22,101679,90987
2022,23,93461,89156
2022,24,86308,87964
2022,25,94397,102943
2022,26,109762,124022
2022,27,109137,115630
2022,28,102574,96846
2022,29,87566,83358
2022,30,94756,100136
2022,31,93922,97962
2022,32,97867,102693
2022,33,127340,131187
2022,34,114533,116385
2022,35,126199,128220
2022,36,131637,137319
2022,37,122984,131019
2022,38,151885,163503
2022,39,94647,101456
2022,40,117479,133013
2022,41,112609,120781
2022,42,100652,121626
2022,43,133500,149997
2022,44,111062,124537
2022,45,110526,125118
2022,46,119556,137428
2022,47,109027,123110
2022,48,177690,210963
2022,49,107700,130646
2022,50,143303,158184
2022,51,127699,147090
2022,52,99628,119091
2022,53,141952,154936
2022,54,100302,121231
2022,55,100869,122199
2022,56,108691,137688
2022,57,95388,117177
2022,58,161388,194672
2022,59,96596,118778
2022,60,119363,141044
2022,61,118913,143280
2022,62,93596,124264
2022,63,108993,127666
2022,64,88462,107006
2022,65,70714,95633
2022,66,76594,106428
2022,67,67198,90343
2022,68,110045,158320
2022,69,57075,81713
2022,70,69038,95973
2022,71,66146,90844
2022,72,48470,67298
2022,73,60766,81885
2022,74,38762,55051
2022,75,44629,59482
2022,76,38113,54071
2022,77,27612,41345
2022,78,38859,58579
2022,79,22367,35741
2022,80,30517,48027
2022,81,23645,36117
2022,82,19329,30306
2022,83,17873,31115
2022,84,14573,23530
2022,85,10673,21683
2022,86,12441,25876
2022,87,7357,12543
2022,88,10206,23577
2022,89,4928,8843
2022,90,6213,10954
2022,91,4388,9927
2022,92,3561,8773
2022,93,2344,5028
2022,94,1817,3589
2022,95,1044,2671
2022,96,538,1352
2022,97,351,812
2022,98,557,1260
2022,99,168,338
2022,100,410,1120
2023,0,60777,57140
2023,1,61953,58723
2023,2,63469,60495
2023,3,65943,62563
2023,4,67289,63520
2023,5,68658,65216
2023,6,70162,66389
2023,7,72022,67890
2023,8,72414,68418
2023,9,69619,65420
2023,10,76181,74445
2023,11,83170,87637
2023,12,90965,86453
2023,13,86656,88104
2023,14,92855,84056
2023,15,101870,85600
2023,16,108350,99671
2023,17,102277,100862
2023,18,110691,100370
2023,19,88651,75130
2023,20,73690,67551
2023,21,95489,85627
2023,22,101497,87913
2023,23,102537,91856
2023,24,94291,90002
2023,25,87193,88934
2023,26,95423,104181
2023,27,110784,125183
2023,28,110130,116521
2023,29,103359,97640
2023,30,88408,84258
2023,31,95669,101065
2023,32,94789,98897
2023,33,98986,103902
2023,34,128321,132254
2023,35,115658,117549
2023,36,127338,129486
2023,37,132732,138579
2023,38,124411,132609
2023,39,152686,164363
2023,40,95723,102714
2023,41,118384,134144
2023,42,113508,121957
2023,43,101762,122990
2023,44,134372,151100
2023,45,111952,125659
2023,46,111454,126349
2023,47,120333,138512
2023,48,110515,124992
2023,49,178209,211930
2023,50,108787,131970
2023,51,143970,159248
2023,52,128178,147969
2023,53,100542,120368
2023,54,142142,155631
2023,55,100800,122123
2023,56,101232,123099
2023,57,108804,138280
2023,58,96264,118616
2023,59,160834,195003
2023,60,96822,119610
2023,61,119277,141629
2023,62,118475,143623
2023,63,93515,124803
2023,64,108362,127838
2023,65,87899,107097
2023,66,70317,95852
2023,67,75907,106373
2023,68,67096,90974
2023,69,108453,157445
2023,70,56508,81749
2023,71,68095,95639
2023,72,65006,90245
2023,73,47734,67159
2023,74,59386,81051
2023,75,37858,54586
2023,76,43394,58744
2023,77,36882,53183
2023,78,26752,40821
2023,79,37199,56982
2023,80,21457,34861
2023,81,28737,46370
2023,82,22078,34728
2023,83,17959,28861
2023,84,16249,29278
2023,85,13185,22025
2023,86,9527,20065
2023,87,10937,23462
2023,88,6407,11383
2023,89,8622,20814
2023,90,4131,7685
2023,91,5018,9243
2023,92,3443,8150
2023,93,2705,7002
2023,94,1787,3889
2023,95,1325,2835
2023,96,751,1984
2023,97,362,961
2023,98,246,592
2023,99,367,832
2023,100,339,897
2024,0,59965,56316
2024,1,61296,57650
2024,2,62606,59313
2024,3,64135,61134
2024,4,66664,63212
2024,5,67929,64182
2024,6,69379,65875
2024,7,70877,67093
2024,8,72687,68585
2024,9,73059,69063
2024,10,70396,66135
2024,11,76984,75269
2024,12,84053,88400
2024,13,91753,87374
2024,14,87532,88922
2024,15,93808,84805
2024,16,102952,86566
2024,17,109341,100760
2024,18,103466,101873
2024,19,111569,101146
2024,20,89334,75794
2024,21,74629,68455
2024,22,96479,86543
2024,23,102529,88905
2024,24,103429,92733
2024,25,95117,90901
2024,26,88118,89970
2024,27,96571,105446
2024,28,111782,126303
2024,29,111095,117536
2024,30,104206,98473
2024,31,89342,85294
2024,32,96551,102058
2024,33,95696,99961
2024,34,100270,105164
2024,35,129358,133400
2024,36,116822,118802
2024,37,128610,130781
2024,38,133862,139840
2024,39,125802,134218
2024,40,153524,165312
2024,41,96839,104062
2024,42,119375,135325
2024,43,114361,123144
2024,44,103007,124463
2024,45,135279,152217
2024,46,112846,126790
2024,47,112411,127580
2024,48,121183,139541
2024,49,112066,126867
2024,50,178624,212837
2024,51,109845,133346
2024,52,144641,160453
2024,53,128626,148817
2024,54,101433,121565
2024,55,142367,156312
2024,56,101065,122932
2024,57,101521,124047
2024,58,108853,138973
2024,59,97007,120073
2024,60,160321,195206
2024,61,97115,120381
2024,62,119148,142278
2024,63,117857,143997
2024,64,93377,125217
2024,65,107689,127988
2024,66,87242,107143
2024,67,69867,96048
2024,68,75128,106202
2024,69,66857,91658
2024,70,106755,156531
2024,71,55848,81625
2024,72,67066,95296
2024,73,63714,89520
2024,74,46894,66842
2024,75,57871,80081
2024,76,36923,54022
2024,77,41961,57883
2024,78,35448,52208
2024,79,25820,40198
2024,80,35285,55196
2024,81,20459,33900
2024,82,26893,44487
2024,83,20460,33181
2024,84,16527,27278
2024,85,14687,27285
2024,86,11759,20383
2024,87,8479,18344
2024,88,9464,20974
2024,89,5530,10076
2024,90,7139,17845
2024,91,3374,6526
2024,92,3980,7672
2024,93,2636,6554
2024,94,2022,5435
2024,95,1312,3006
2024,96,962,2125
2024,97,532,1442
2024,98,251,649
2024,99,164,368
2024,100,444,1103
2025,0,58761,55768
2025,1,60456,56808
2025,2,61958,58221
2025,3,63300,59974
2025,4,64821,61793
2025,5,67386,63894
2025,6,68592,64852
2025,7,70088,66574
2025,8,71626,67856
2025,9,73416,69294
2025,10,73740,69756
2025,11,71172,66866
2025,12,77796,76160
2025,13,84953,89281
2025,14,92596,88256
2025,15,88419,89771
2025,16,94821,85647
2025,17,104123,87623
2025,18,110366,101822
2025,19,104706,102948
2025,20,112427,101963
2025,21,90143,76568
2025,22,75623,69385
2025,23,97501,87460
2025,24,103636,89836
2025,25,104379,93733
2025,26,96018,91863
2025,27,89098,91119
2025,28,97747,106679
2025,29,112903,127571
2025,30,112129,118508
2025,31,105035,99334
2025,32,90284,86358
2025,33,97605,103095
2025,34,96674,100948
2025,35,101550,106552
2025,36,130484,134584
2025,37,118087,120129
2025,38,129859,132161
2025,39,134988,141142
2025,40,127318,135920
2025,41,154398,166307
2025,42,97956,105419
2025,43,120375,136540
2025,44,115240,124309
2025,45,104229,125833
2025,46,136169,153350
2025,47,113814,127990
2025,48,113377,128890
2025,49,122022,140599
2025,50,113596,128881
2025,51,179070,213862
2025,52,110851,134768
2025,53,145333,161594
2025,54,129043,149667
2025,55,102401,122855
2025,56,142417,157044
2025,57,101379,123730
2025,58,101819,125089
2025,59,108941,139643
2025,60,97674,121510
2025,61,159622,195416
2025,62,97192,121179
2025,63,118908,142929
2025,64,117229,144336
2025,65,93099,125621
2025,66,106967,128058
2025,67,86455,107261
2025,68,69357,96221
2025,69,74367,106006
2025,70,66590,92260
2025,71,104741,155531
2025,72,55200,81578
2025,73,65980,94822
2025,74,62308,88765
2025,75,45971,66374
2025,76,56074,79002
2025,77,35902,53374
2025,78,40476,56814
2025,79,33960,50999
2025,80,24735,39427
2025,81,33276,53285
2025,82,19327,32756
2025,83,24928,42334
2025,84,18777,31308
2025,85,14984,25585
2025,86,13180,25242
2025,87,10299,18683
2025,88,7320,16523
2025,89,8088,18462
2025,90,4612,8749
2025,91,5733,15066
2025,92,2713,5413
2025,93,3098,6219
2025,94,1938,5173
2025,95,1515,4186
2025,96,953,2271
2025,97,694,1571
2025,98,352,1025
2025,99,152,426
2025,100,344,919
2026,0,57836,54834
2026,1,59292,56334
2026,2,61161,57463
2026,3,62676,58880
2026,4,64017,60667
2026,5,65623,62476
2026,6,68086,64607
2026,7,69318,65596
2026,8,70869,67302
2026,9,72415,68640
2026,10,74173,70025
2026,11,74551,70481
2026,12,71983,67649
2026,13,78635,77086
2026,14,85859,90176
2026,15,93466,89142
2026,16,89384,90707
2026,17,95942,86622
2026,18,105313,88770
2026,19,111495,102967
2026,20,105925,104057
2026,21,113385,102784
2026,22,90913,77328
2026,23,76687,70340
2026,24,98610,88432
2026,25,104800,90808
2026,26,105424,94707
2026,27,96925,92836
2026,28,90077,92263
2026,29,98893,108034
2026,30,114111,128825
2026,31,113199,119587
2026,32,105932,100256
2026,33,91365,87483
2026,34,98593,104185
2026,35,97691,102126
2026,36,102982,108088
2026,37,131778,135874
2026,38,119453,121473
2026,39,131158,133671
2026,40,136279,142552
2026,41,128900,137633
2026,42,155259,167335
2026,43,99207,106873
2026,44,121495,137794
2026,45,116211,125516
2026,46,105492,127380
2026,47,137093,154555
2026,48,114766,129250
2026,49,114407,130261
2026,50,122886,141784
2026,51,115172,130902
2026,52,179519,214817
2026,53,111934,136173
2026,54,146006,162741
2026,55,129347,150593
2026,56,103265,124172
2026,57,142460,157853
2026,58,101674,124627
2026,59,102176,126124
2026,60,108833,140297
2026,61,98467,122994
2026,62,158798,195621
2026,63,97352,121946
2026,64,118572,143528
2026,65,116491,144620
2026,66,92775,126041
2026,67,106084,128052
2026,68,85596,107257
2026,69,68784,96311
2026,70,73588,105822
2026,71,66150,92788
2026,72,102703,154308
2026,73,54395,81389
2026,74,64673,94335
2026,75,60793,87904
2026,76,44959,65889
2026,77,54199,77834
2026,78,34771,52487
2026,79,38823,55515
2026,80,32360,49597
2026,81,23518,38369
2026,82,31127,51093
2026,83,17988,31433
2026,84,22826,39965
2026,85,16983,29205
2026,86,13451,23693
2026,87,11613,23009
2026,88,8923,16766
2026,89,6246,14680
2026,90,6672,15803
2026,91,3802,7546
2026,92,4542,12377
2026,93,2118,4399
2026,94,2288,4876
2026,95,1392,3995
2026,96,1089,3141
2026,97,651,1664
2026,98,460,1099
2026,99,222,650
2026,100,278,837
2027,0,57183,53911
2027,1,58394,55396
2027,2,60031,56998
2027,3,61874,58122
2027,4,63423,59590
2027,5,64748,61401
2027,6,66404,63255
2027,7,68859,65319
2027,8,70109,66383
2027,9,71723,68050
2027,10,73268,69386
2027,11,74991,70789
2027,12,75375,71210
2027,13,72862,68476
2027,14,79599,78111
2027,15,86857,91098
2027,16,94407,90131
2027,17,90437,91708
2027,18,97119,87604
2027,19,106580,89956
2027,20,112710,104129
2027,21,107258,105272
2027,22,114385,103666
2027,23,91779,78105
2027,24,77797,71305
2027,25,99814,89473
2027,26,105917,91876
2027,27,106515,95762
2027,28,97939,93884
2027,29,91173,93457
2027,30,100179,109516
2027,31,115405,130182
2027,32,114350,120665
2027,33,106835,101222
2027,34,92406,88622
2027,35,99598,105289
2027,36,98757,103316
2027,37,104445,109641
2027,38,132987,137160
2027,39,120779,122964
2027,40,132563,135256
2027,41,137589,144020
2027,42,130508,139511
2027,43,156152,168453
2027,44,100444,108411
2027,45,122672,139072
2027,46,117200,126810
2027,47,106796,129005
2027,48,138058,155898
2027,49,115801,130538
2027,50,115391,131630
2027,51,123781,143038
2027,52,116744,133019
2027,53,179926,215771
2027,54,113020,137666
2027,55,146545,164036
2027,56,129718,151473
2027,57,104214,125577
2027,58,142511,158640
2027,59,101988,125539
2027,60,102457,127070
2027,61,108733,140925
2027,62,99193,124481
2027,63,157938,195823
2027,64,97349,122833
2027,65,118234,144060
2027,66,115738,144804
2027,67,92415,126362
2027,68,105069,128030
2027,69,84727,107225
2027,70,68121,96465
2027,71,72553,105599
2027,72,65709,93239
2027,73,100513,152883
2027,74,53528,81138
2027,75,63262,93691
2027,76,59095,86919
2027,77,43850,65283
2027,78,52180,76332
2027,79,33328,51406
2027,80,36977,54110
2027,81,30598,48015
2027,82,22172,37045
2027,83,28736,48572
2027,84,16637,29831
2027,85,20700,37258
2027,86,15073,27048
2027,87,11828,21491
2027,88,10001,20692
2027,89,7555,14930
2027,90,5210,12692
2027,91,5420,13378
2027,92,3000,6267
2027,93,3445,9913
2027,94,1556,3442
2027,95,1665,3741
2027,96,982,3026
2027,97,761,2300
2027,98,444,1175
2027,99,265,735
2027,100,314,938
2028,0,56787,53429
2028,1,57760,54508
2028,2,59097,56056
2028,3,60784,57705
2028,4,62641,58824
2028,5,64220,60323
2028,6,65587,62118
2028,7,67161,64040
2028,8,69710,66158
2028,9,70885,67191
2028,10,72597,68857
2028,11,74166,70246
2028,12,75852,71656
2028,13,76256,71991
2028,14,73766,69344
2028,15,80547,79146
2028,16,87916,92124
2028,17,95439,91146
2028,18,91614,92763
2028,19,98318,88677
2028,20,107893,91197
2028,21,113921,105406
2028,22,108604,106479
2028,23,115485,104542
2028,24,92665,78951
2028,25,79041,72381
2028,26,100994,90602
2028,27,107188,93051
2028,28,107660,96903
2028,29,98934,95051
2028,30,92360,94739
2028,31,101488,111105
2028,32,116695,131582
2028,33,115577,121896
2028,34,107802,102237
2028,35,93535,89804
2028,36,100733,106443
2028,37,99901,104594
2028,38,105893,111213
2028,39,134284,138577
2028,40,122144,124491
2028,41,134101,136909
2028,42,138923,145534
2028,43,132097,141430
2028,44,157058,169605
2028,45,101807,109957
2028,46,123811,140465
2028,47,118227,128311
2028,48,108238,130716
2028,49,139085,157206
2028,50,116759,131889
2028,51,116406,133206
2028,52,124722,144309
2028,53,118336,135282
2028,54,180359,216859
2028,55,114202,139188
2028,56,147191,165331
2028,57,130030,152388
2028,58,104991,126974
2028,59,142520,159444
2028,60,102237,126432
2028,61,102650,128063
2028,62,108674,141604
2028,63,99843,126014
2028,64,156881,195926
2028,65,97192,123702
2028,66,117745,144494
2028,67,114901,144971
2028,68,92057,126603
2028,69,104013,127979
2028,70,83775,107122
2028,71,67321,96457
2028,72,71520,105282
2028,73,65019,93799
2028,74,98186,151335
2028,75,52583,80706
2028,76,61713,92808
2028,77,57235,85624
2028,78,42578,64466
2028,79,49811,74633
2028,80,31873,50220
2028,81,34984,52376
2028,82,28586,46192
2028,83,20690,35518
2028,84,26300,45790
2028,85,15078,28089
2028,86,18408,34415
2028,87,13353,24681
2028,88,10260,19326
2028,89,8533,18315
2028,90,6286,12926
2028,91,4204,10753
2028,92,4265,11050
2028,93,2311,5098
2028,94,2568,7710
2028,95,1150,2674
2028,96,1161,2826
2028,97,677,2213
2028,98,460,1610
2028,99,275,824
2028,100,346,1039
2029,0,56065,53334
2029,1,57376,54053
2029,2,58484,55183
2029,3,59816,56757
2029,4,61505,58427
2029,5,63433,59538
2029,6,64984,61081
2029,7,66395,62845
2029,8,67995,64863
2029,9,70618,66960
2029,10,71736,68004
2029,11,73525,69731
2029,12,75042,71089
2029,13,76792,72557
2029,14,77196,72866
2029,15,74650,70279
2029,16,81512,80203
2029,17,89046,93253
2029,18,96548,92270
2029,19,92800,93782
2029,20,99596,89845
2029,21,109315,92523
2029,22,115252,106683
2029,23,110024,107661
2029,24,116580,105482
2029,25,93614,79839
2029,26,80304,73485
2029,27,102221,91744
2029,28,108523,94282
2029,29,108808,98098
2029,30,100080,96227
2029,31,93582,96146
2029,32,102897,112679
2029,33,118040,133105
2029,34,116836,123065
2029,35,108934,103282
2029,36,94714,91042
2029,37,101864,107663
2029,38,101102,105877
2029,39,107523,112900
2029,40,135613,139989
2029,41,123625,126052
2029,42,135636,138569
2029,43,140339,147094
2029,44,133883,143448
2029,45,158050,170818
2029,46,103107,111589
2029,47,124943,141858
2029,48,119283,129751
2029,49,109665,132471
2029,50,140094,158493
2029,51,117807,133241
2029,52,117423,134599
2029,53,125546,145672
2029,54,119835,137652
2029,55,180661,217908
2029,56,115327,140742
2029,57,147745,166572
2029,58,130290,153334
2029,59,105844,128376
2029,60,142346,160236
2029,61,102510,127324
2029,62,102845,129126
2029,63,108609,142247
2029,64,100543,127565
2029,65,155780,195990
2029,66,97193,124502
2029,67,117112,144967
2029,68,114056,145052
2029,69,91566,126838
2029,70,102859,127811
2029,71,82660,107035
2029,72,66526,96383
2029,73,70517,104938
2029,74,64271,94030
2029,75,95532,149602
2029,76,51471,80215
2029,77,59934,91673
2029,78,55189,84064
2029,79,41060,63336
2029,80,47343,72583
2029,81,30271,48838
2029,82,32759,50397
2029,83,26533,44109
2029,84,19156,33718
2029,85,23752,42827
2029,86,13589,26156
2029,87,16208,31475
2029,88,11574,22236
2029,89,8818,17109
2029,90,7119,15807
2029,91,5105,10940
2029,92,3360,8962
2029,93,3228,8824
2029,94,1761,4028
2029,95,1871,5906
2029,96,822,2034
2029,97,799,2048
2029,98,463,1528
2029,99,288,1106
2029,100,373,1163
2030,0,55581,52661
2030,1,56697,53903
2030,2,58178,54757
2030,3,59231,55899
2030,4,60603,57513
2030,5,62332,59206
2030,6,64251,60261
2030,7,65823,61847
2030,8,67262,63683
2030,9,68928,65717
2030,10,71515,67824
2030,11,72719,68935
2030,12,74477,70667
2030,13,76038,71936
2030,14,77798,73449
2030,15,78147,73729
2030,16,75669,71291
2030,17,82653,81357
2030,18,90242,94350
2030,19,97774,93497
2030,20,93963,94927
2030,21,100976,90979
2030,22,110774,93822
2030,23,116642,108096
2030,24,111495,108934
2030,25,117761,106534
2030,26,94599,80749
2030,27,81542,74616
2030,28,103557,92940
2030,29,109824,95492
2030,30,109977,99279
2030,31,101197,97420
2030,32,94853,97553
2030,33,104360,114328
2030,34,119358,134650
2030,35,118120,124329
2030,36,110040,104404
2030,37,95911,92382
2030,38,103068,109054
2030,39,102441,107265
2030,40,109202,114660
2030,41,137067,141555
2030,42,125114,127742
2030,43,137296,140324
2030,44,141853,148696
2030,45,135657,145531
2030,46,158992,172010
2030,47,104458,113310
2030,48,126154,143320
2030,49,120339,131197
2030,50,111092,134265
2030,51,141093,159905
2030,52,118823,134663
2030,53,118483,136111
2030,54,126346,146994
2030,55,121443,140039
2030,56,181012,218954
2030,57,116341,142374
2030,58,148175,167786
2030,59,130472,154263
2030,60,106703,129771
2030,61,142182,160936
2030,62,102712,128297
2030,63,102980,130120
2030,64,108388,142980
2030,65,101132,129173
2030,66,154540,195958
2030,67,96991,125231
2030,68,116460,145471
2030,69,112944,145061
2030,70,91013,127000
2030,71,101479,127564
2030,72,81441,106853
2030,73,65567,96229
2030,74,69188,104314
2030,75,63363,94288
2030,76,92684,147460
2030,77,50141,79533
2030,78,57946,90288
2030,79,52958,82198
2030,80,39278,61934
2030,81,44715,70147
2030,82,28519,47226
2030,83,30451,48055
2030,84,24378,41741
2030,85,17419,31884
2030,86,21142,39503
2030,87,12083,24055
2030,88,14000,28220
2030,89,9906,19686
2030,90,7363,14930
2030,91,5809,13314
2030,92,3986,9047
2030,93,2626,7273
2030,94,2448,6871
2030,95,1305,3113
2030,96,1320,4382
2030,97,572,1482
2030,98,514,1466
2030,99,321,1035
2030,100,398,1449
2031,0,55047,52473
2031,1,56248,53282
2031,2,57414,54625
2031,3,58950,55465
2031,4,60046,56637
2031,5,61438,58240
2031,6,63171,59986
2031,7,65121,61093
2031,8,66718,62660
2031,9,68129,64550
2031,10,69870,66598
2031,11,72445,68669
2031,12,73644,69845
2031,13,75437,71552
2031,14,77022,72864
2031,15,78813,74420
2031,16,79143,74624
2031,17,76795,72359
2031,18,83779,82593
2031,19,91548,95596
2031,20,98927,94764
2031,21,95296,96154
2031,22,102399,92257
2031,23,112312,95199
2031,24,118091,109495
2031,25,113110,110325
2031,26,118937,107591
2031,27,95690,81765
2031,28,82957,75829
2031,29,104966,94189
2031,30,111267,96824
2031,31,111263,100521
2031,32,102423,98651
2031,33,96165,99002
2031,34,105832,116064
2031,35,120811,136288
2031,36,119450,125694
2031,37,111244,105540
2031,38,97195,93759
2031,39,104318,110417
2031,40,103825,108693
2031,41,110929,116450
2031,42,138542,143126
2031,43,126746,129481
2031,44,138909,142244
2031,45,143416,150483
2031,46,137445,147578
2031,47,160040,173316
2031,48,105820,115095
2031,49,127443,144883
2031,50,121457,132685
2031,51,112592,136183
2031,52,142006,161357
2031,53,119926,136120
2031,54,119551,137620
2031,55,127285,148430
2031,56,123026,142450
2031,57,181319,219994
2031,58,117490,144028
2031,59,148562,169135
2031,60,130702,155281
2031,61,107425,131262
2031,62,141983,161658
2031,63,102794,129246
2031,64,103028,131099
2031,65,108193,143565
2031,66,101587,130588
2031,67,153180,195693
2031,68,96751,126132
2031,69,115736,145857
2031,70,111592,145094
2031,71,90180,127113
2031,72,100069,127295
2031,73,80111,106601
2031,74,64535,96076
2031,75,67828,103671
2031,76,62247,94203
2031,77,89605,145026
2031,78,48728,78539
2031,79,55657,88559
2031,80,50544,80038
2031,81,37306,60282
2031,82,41893,67341
2031,83,26583,45216
2031,84,27855,45475
2031,85,22005,39134
2031,86,15724,29780
2031,87,18601,36025
2031,88,10574,21745
2031,89,11928,25004
2031,90,8358,17061
2031,91,5975,12725
2031,92,4651,11027
2031,93,3062,7253
2031,94,1984,5699
2031,95,1833,5280
2031,96,917,2390
2031,97,921,3209
2031,98,381,1034
2031,99,326,997
2031,100,434,1564
2032,0,55202,52258
2032,1,55698,53096
2032,2,57047,54001
2032,3,58247,55409
2032,4,59772,56217
2032,5,60865,57424
2032,6,62357,59068
2032,7,64095,60783
2032,8,66006,61945
2032,9,67625,63517
2032,10,69103,65419
2032,11,70862,67537
2032,12,73414,69645
2032,13,74627,70769
2032,14,76466,72511
2032,15,78023,73861
2032,16,79780,75435
2032,17,80179,75580
2032,18,77919,73558
2032,19,85014,83944
2032,20,92851,96888
2032,21,100245,96073
2032,22,96682,97413
2032,23,103953,93586
2032,24,113879,96718
2032,25,119583,111014
2032,26,114732,111723
2032,27,120229,108708
2032,28,96881,82782
2032,29,84419,77090
2032,30,106460,95506
2032,31,112740,98157
2032,32,112606,101805
2032,33,103677,99981
2032,34,97489,100613
2032,35,107375,117893
2032,36,122328,137970
2032,37,120855,127014
2032,38,112478,106813
2032,39,98472,95243
2032,40,105610,111821
2032,41,105218,110197
2032,42,112728,118362
2032,43,140196,144823
2032,44,128464,131297
2032,45,140681,144176
2032,46,144979,152282
2032,47,139290,149713
2032,48,161069,174638
2032,49,107200,116829
2032,50,128697,146477
2032,51,122510,134249
2032,52,114018,138108
2032,53,142988,162753
2032,54,120869,137617
2032,55,120562,139251
2032,56,128233,149921
2032,57,124595,145068
2032,58,181440,221081
2032,59,118530,145695
2032,60,148930,170463
2032,61,130782,156136
2032,62,108217,132766
2032,63,141770,162263
2032,64,102771,130123
2032,65,102987,131932
2032,66,107918,144125
2032,67,101913,132046
2032,68,151791,195422
2032,69,96344,126838
2032,70,114776,146192
2032,71,110132,145009
2032,72,89435,127182
2032,73,98385,126875
2032,74,78614,106107
2032,75,63397,95810
2032,76,66204,102822
2032,77,61096,93912
2032,78,86319,142225
2032,79,47054,77255
2032,80,53167,86416
2032,81,47841,77469
2032,82,35132,58266
2032,83,38883,64181
2032,84,24533,43026
2032,85,25304,42803
2032,86,19731,36134
2032,87,14011,27394
2032,88,16020,32403
2032,89,9102,19415
2032,90,9949,21687
2032,91,6803,14431
2032,92,4791,10551
2032,93,3508,8854
2032,94,2280,5709
2032,95,1471,4433
2032,96,1316,3974
2032,97,649,1771
2032,98,592,2260
2032,99,234,689
2032,100,462,1647
2033,0,55309,52234
2033,1,55858,52925
2033,2,56529,53832
2033,3,57870,54794
2033,4,59098,56179
2033,5,60641,57055
2033,6,61708,58297
2033,7,63288,59900
2033,8,65023,61623
2033,9,66896,62788
2033,10,68594,64406
2033,11,70082,66321
2033,12,71944,68525
2033,13,74461,70689
2033,14,75678,71809
2033,15,77557,73557
2033,16,79174,74983
2033,17,80843,76507
2033,18,81261,76615
2033,19,79057,74769
2033,20,86321,85301
2033,21,94327,98223
2033,22,101614,97476
2033,23,98147,98801
2033,24,105533,94985
2033,25,115513,98360
2033,26,121156,112525
2033,27,116293,113293
2033,28,121512,109857
2033,29,98010,83833
2033,30,85840,78451
2033,31,108074,96931
2033,32,114225,99531
2033,33,113928,103161
2033,34,104963,101415
2033,35,98868,102138
2033,36,109016,119800
2033,37,123918,139636
2033,38,122339,128457
2033,39,113766,108096
2033,40,99919,96706
2033,41,106951,113357
2033,42,106650,111812
2033,43,114501,120352
2033,44,141804,146535
2033,45,130191,133177
2033,46,142525,146126
2033,47,146649,154241
2033,48,141199,152024
2033,49,162119,176062
2033,50,108670,118774
2033,51,129947,148196
2033,52,123690,135939
2033,53,115536,140112
2033,54,143921,164300
2033,55,121804,139184
2033,56,121641,140929
2033,57,129141,151374
2033,58,126184,147604
2033,59,181518,222027
2033,60,119440,147390
2033,61,149151,171758
2033,62,130809,156971
2033,63,108748,134220
2033,64,141367,162963
2033,65,102707,130993
2033,66,102837,132845
2033,67,107458,144602
2033,68,102172,133410
2033,69,150044,195165
2033,70,95864,127421
2033,71,113777,146432
2033,72,108743,144929
2033,73,88457,127077
2033,74,96490,126355
2033,75,76996,105476
2033,76,61984,95332
2033,77,64342,101762
2033,78,59441,93297
2033,79,82629,138828
2033,80,45168,75688
2033,81,50488,83922
2033,82,44886,74545
2033,83,32806,55847
2033,84,35614,60640
2033,85,22432,40427
2033,86,22698,39677
2033,87,17325,32953
2033,88,12256,24908
2033,89,13603,28618
2033,90,7628,16907
2033,91,8080,18436
2033,92,5366,11979
2033,93,3679,8557
2033,94,2670,6971
2033,95,1668,4406
2033,96,1045,3375
2033,97,890,2895
2033,98,424,1232
2033,99,399,1539
2033,100,415,1459
2034,0,55365,52604
2034,1,56033,52954
2034,2,56726,53740
2034,3,57406,54563
2034,4,58738,55539
2034,5,59969,56974
2034,6,61488,57934
2034,7,62632,59164
2034,8,64218,60765
2034,9,66008,62539
2034,10,67889,63702
2034,11,69675,65370
2034,12,71028,67291
2034,13,72986,69589
2034,14,75565,71704
2034,15,76734,72905
2034,16,78633,74684
2034,17,80394,76087
2034,18,82010,77605
2034,19,82362,77689
2034,20,80304,76054
2034,21,87704,86688
2034,22,95775,99664
2034,23,103003,98929
2034,24,99594,100155
2034,25,107187,96372
2034,26,117226,100068
2034,27,122727,114164
2034,28,118100,114872
2034,29,122854,111076
2034,30,99216,84939
2034,31,87414,79890
2034,32,109695,98356
2034,33,115825,101030
2034,34,115396,104554
2034,35,106322,102906
2034,36,100393,103879
2034,37,110707,121735
2034,38,125480,141437
2034,39,123884,129928
2034,40,115027,109469
2034,41,101455,98328
2034,42,108409,114948
2034,43,108168,113463
2034,44,116348,122369
2034,45,143478,148380
2034,46,132038,135108
2034,47,144317,148153
2034,48,148360,156317
2034,49,143185,154324
2034,50,163121,177499
2034,51,110170,120654
2034,52,131212,149832
2034,53,124798,137700
2034,54,117013,142154
2034,55,144909,165824
2034,56,122893,140753
2034,57,122726,142715
2034,58,129973,152891
2034,59,127724,150164
2034,60,181491,223108
2034,61,120399,149226
2034,62,149279,173088
2034,63,130738,157935
2034,64,109365,135610
2034,65,140910,163652
2034,66,102603,131837
2034,67,102680,133867
2034,68,107071,145183
2034,69,102363,134816
2034,70,148261,194787
2034,71,95332,128002
2034,72,112447,146498
2034,73,106974,144607
2034,74,87244,126872
2034,75,94311,125548
2034,76,75104,104742
2034,77,60452,94598
2034,78,62213,100251
2034,79,57608,92302
2034,80,78658,134936
2034,81,43004,73750
2034,82,47431,80932
2034,83,41781,71081
2034,84,30213,53125
2034,85,32216,56817
2034,86,20208,37652
2034,87,20023,36211
2034,88,15051,29583
2034,89,10486,22174
2034,90,11254,24789
2034,91,6264,14396
2034,92,6372,15203
2034,93,4154,9668
2034,94,2762,6832
2034,95,1921,5269
2034,96,1208,3287
2034,97,759,2450
2034,98,594,2009
2034,99,272,820
2034,100,491,1938
2035,0,56112,53234
2035,1,56117,53293
2035,2,56882,53760
2035,3,57570,54567
2035,4,58214,55389
2035,5,59636,56391
2035,6,60873,57840
2035,7,62421,58815
2035,8,63557,60040
2035,9,65204,61707
2035,10,67049,63450
2035,11,68985,64632
2035,12,70702,66399
2035,13,72164,68342
2035,14,74110,70646
2035,15,76691,72776
2035,16,77915,74057
2035,17,79849,75854
2035,18,81603,77301
2035,19,83228,78796
2035,20,83610,78915
2035,21,81573,77338
2035,22,89131,88200
2035,23,97347,101068
2035,24,104503,100423
2035,25,101206,101628
2035,26,108948,97883
2035,27,119021,101807
2035,28,124544,115977
2035,29,119850,116586
2035,30,124312,112385
2035,31,100504,86142
2035,32,89023,81332
2035,33,111396,99851
2035,34,117497,102538
2035,35,116899,106139
2035,36,107751,104401
2035,37,101971,105700
2035,38,112454,123766
2035,39,127263,143299
2035,40,125547,131515
2035,41,116395,110900
2035,42,102963,100046
2035,43,109827,116635
2035,44,109752,115209
2035,45,118297,124408
2035,46,145191,150279
2035,47,133854,137186
2035,48,146141,150353
2035,49,150123,158345
2035,50,145151,156749
2035,51,164201,178988
2035,52,111688,122641
2035,53,132523,151531
2035,54,126031,139420
2035,55,118503,144222
2035,56,145851,167399
2035,57,123889,142373
2035,58,123789,144429
2035,59,130691,154439
2035,60,129095,152795
2035,61,181381,224148
2035,62,121347,150973
2035,63,149337,174415
2035,64,130663,158967
2035,65,109999,137015
2035,66,140276,164308
2035,67,102440,132641
2035,68,102463,134764
2035,69,106542,145607
2035,70,102569,136040
2035,71,146370,194225
2035,72,94511,128523
2035,73,110994,146495
2035,74,105058,144113
2035,75,85868,126454
2035,76,92093,124423
2035,77,73078,103557
2035,78,58627,93556
2035,79,59818,98596
2035,80,55577,90996
2035,81,74268,130368
2035,82,40722,71339
2035,83,43996,77431
2035,84,38304,67133
2035,85,27516,50002
2035,86,28903,52637
2035,87,17931,34621
2035,88,17430,32650
2035,89,12824,26145
2035,90,8767,19384
2035,91,9139,20881
2035,92,4968,11977
2035,93,4963,12308
2035,94,3124,7564
2035,95,2041,5357
2035,96,1373,4007
2035,97,856,2377
2035,98,504,1738
2035,99,358,1345
2035,100,464,1754
2036,0,56244,53316
2036,1,56882,54019
2036,2,57023,54047
2036,3,57742,54593
2036,4,58454,55349
2036,5,59151,56270
2036,6,60581,57270
2036,7,61864,58731
2036,8,63413,59752
2036,9,64530,61039
2036,10,66208,62667
2036,11,68131,64439
2036,12,70047,65624
2036,13,71803,67401
2036,14,73272,69362
2036,15,75331,71731
2036,16,77889,73928
2036,17,79139,75297
2036,18,81162,77032
2036,19,82888,78580
2036,20,84498,80002
2036,21,84881,80164
2036,22,82922,78714
2036,23,90609,89626
2036,24,98928,102552
2036,25,105987,101933
2036,26,102839,103133
2036,27,110797,99404
2036,28,120871,103523
2036,29,126391,117769
2036,30,121702,118331
2036,31,125766,113689
2036,32,101799,87362
2036,33,90765,82892
2036,34,113058,101428
2036,35,119265,104215
2036,36,118473,107749
2036,37,109265,105979
2036,38,103599,107496
2036,39,114376,125886
2036,40,129082,145206
2036,41,127233,133137
2036,42,117853,112306
2036,43,104532,101836
2036,44,111427,118362
2036,45,111315,117025
2036,46,120274,126574
2036,47,146875,152230
2036,48,135879,139315
2036,49,148080,152623
2036,50,151803,160554
2036,51,147300,159142
2036,52,165273,180495
2036,53,113186,124720
2036,54,133826,153274
2036,55,127171,141278
2036,56,120019,146311
2036,57,146632,168974
2036,58,124854,144044
2036,59,124632,146243
2036,60,131471,156092
2036,61,130557,155517
2036,62,181185,225092
2036,63,122132,152661
2036,64,149410,175743
2036,65,130368,159850
2036,66,110457,138310
2036,67,139387,164843
2036,68,102145,133430
2036,69,102161,135582
2036,70,105785,146163
2036,71,102378,137368
2036,72,144093,193691
2036,73,93733,128925
2036,74,109277,146436
2036,75,102979,143353
2036,76,84199,125745
2036,77,89598,122981
2036,78,70653,102229
2036,79,56581,92170
2036,80,57275,96480
2036,81,53238,89124
2036,82,69470,125214
2036,83,38029,68574
2036,84,40501,73570
2036,85,34609,62978
2036,86,24820,46472
2036,87,25603,48088
2036,88,15726,31195
2036,89,14829,29004
2036,90,10701,22810
2036,91,7192,16596
2036,92,7232,17265
2036,93,3819,9768
2036,94,3747,9697
2036,95,2233,5876
2036,96,1479,4058
2036,97,959,2918
2036,98,582,1737
2036,99,328,1118
2036,100,472,1972
2037,0,57717,54458
2037,1,57029,54085
2037,2,57754,54889
2037,3,57927,54930
2037,4,58659,55455
2037,5,59393,56233
2037,6,60113,57171
2037,7,61563,58166
2037,8,62809,59653
2037,9,64411,60653
2037,10,65523,62008
2037,11,67303,63642
2037,12,69261,65473
2037,13,71179,66679
2037,14,72894,68444
2037,15,74421,70447
2037,16,76520,72901
2037,17,79109,75142
2037,18,80399,76506
2037,19,82478,78296
2037,20,84271,79771
2037,21,85817,81298
2037,22,86184,81412
2037,23,84432,80164
2037,24,92079,91254
2037,25,100620,104168
2037,26,107573,103560
2037,27,104560,104731
2037,28,112728,101070
2037,29,122878,105402
2037,30,128253,119617
2037,31,123702,120073
2037,32,127306,115003
2037,33,103123,88668
2037,34,92478,84428
2037,35,114836,102984
2037,36,121047,105817
2037,37,120117,109409
2037,38,110838,107573
2037,39,105307,109536
2037,40,116302,128167
2037,41,130992,147194
2037,42,128936,134879
2037,43,119361,113784
2037,44,106142,103640
2037,45,112972,120157
2037,46,112994,118911
2037,47,122396,128789
2037,48,148579,154238
2037,49,137865,141564
2037,50,150151,154934
2037,51,153555,162813
2037,52,149349,161709
2037,53,166236,181968
2037,54,114756,126853
2037,55,135118,155141
2037,56,128357,143120
2037,57,121525,148489
2037,58,147410,170560
2037,59,125712,145822
2037,60,125585,148104
2037,61,132117,157661
2037,62,132016,158109
2037,63,180875,226175
2037,64,122983,154396
2037,65,149264,176935
2037,66,130005,160744
2037,67,110835,139662
2037,68,138493,165373
2037,69,101828,134191
2037,70,101697,136474
2037,71,104897,146636
2037,72,102190,138590
2037,73,141651,192885
2037,74,92637,129075
2037,75,107344,146100
2037,76,100543,142269
2037,77,82212,124800
2037,78,86586,121244
2037,79,67988,100603
2037,80,54293,90289
2037,81,54467,93868
2037,82,50341,86871
2037,83,64346,119417
2037,84,35138,65237
2037,85,36887,69025
2037,86,30999,58307
2037,87,22035,42757
2037,88,22180,43305
2037,89,13472,27784
2037,90,12391,25253
2037,91,8746,19438
2037,92,5760,13815
2037,93,5548,13929
2037,94,2902,7713
2037,95,2720,7416
2037,96,1593,4468
2037,97,1017,2954
2037,98,650,2043
2037,99,367,1170
2037,100,477,2007
2038,0,57517,55236
2038,1,58590,55247
2038,2,57979,54985
2038,3,58718,55768
2038,4,58890,55843
2038,5,59618,56362
2038,6,60368,57195
2038,7,61147,58109
2038,8,62572,59183
2038,9,63823,60662
2038,10,65486,61645
2038,11,66633,63011
2038,12,68376,64711
2038,13,70360,66519
2038,14,72317,67815
2038,15,74071,69604
2038,16,75644,71597
2038,17,77720,74155
2038,18,80419,76303
2038,19,81686,77754
2038,20,83833,79595
2038,21,85734,81049
2038,22,87168,82641
2038,23,87504,82722
2038,24,85970,81609
2038,25,93734,92875
2038,26,102339,105876
2038,27,109253,105190
2038,28,106385,106392
2038,29,114698,102765
2038,30,124970,107359
2038,31,130176,121482
2038,32,125761,121948
2038,33,128887,116447
2038,34,104516,89957
2038,35,94243,86012
2038,36,116764,104665
2038,37,122954,107610
2038,38,121823,111071
2038,39,112457,109369
2038,40,107203,111607
2038,41,118233,130474
2038,42,132993,149219
2038,43,130739,136711
2038,44,120853,115376
2038,45,107792,105494
2038,46,114601,121972
2038,47,114768,120878
2038,48,124536,131133
2038,49,150324,156250
2038,50,139866,143763
2038,51,152068,157266
2038,52,155423,165152
2038,53,151314,164262
2038,54,167126,183486
2038,55,116271,128965
2038,56,136363,156866
2038,57,129443,145088
2038,58,122978,150623
2038,59,148150,172175
2038,60,126612,147428
2038,61,126398,149967
2038,62,132771,159356
2038,63,133316,160967
2038,64,180434,227182
2038,65,123562,156101
2038,66,149016,178030
2038,67,129544,161497
2038,68,111063,140996
2038,69,137368,165949
2038,70,101226,134868
2038,71,101072,137255
2038,72,103954,146973
2038,73,101733,139700
2038,74,138878,191914
2038,75,91394,129086
2038,76,104979,145335
2038,77,97720,140871
2038,78,79903,123323
2038,79,83229,119025
2038,80,64967,98434
2038,81,51608,88091
2038,82,51275,90668
2038,83,47259,84064
2038,84,59099,112846
2038,85,32201,61550
2038,86,33241,64013
2038,87,27327,53352
2038,88,19366,38824
2038,89,18817,38313
2038,90,11325,24308
2038,91,10112,21524
2038,92,6889,16134
2038,93,4469,11191
2038,94,4156,10944
2038,95,2127,5959
2038,96,1938,5589
2038,97,1142,3282
2038,98,662,2077
2038,99,413,1371
2038,100,510,2019
2039,0,58756,55684
2039,1,58363,56049
2039,2,59513,56144
2039,3,59006,55926
2039,4,59697,56713
2039,5,59874,56808
2039,6,60653,57307
2039,7,61425,58131
2039,8,62184,59083
2039,9,63631,60227
2039,10,64918,61706
2039,11,66595,62689
2039,12,67758,64073
2039,13,69580,65813
2039,14,71564,67627
2039,15,73583,68961
2039,16,75251,70763
2039,17,76944,72886
2039,18,79085,75448
2039,19,81756,77623
2039,20,83054,79051
2039,21,85291,81004
2039,22,87231,82482
2039,23,88594,84048
2039,24,88846,84104
2039,25,87448,83190
2039,26,95406,94712
2039,27,104162,107672
2039,28,110970,106960
2039,29,108201,108202
2039,30,116811,104538
2039,31,127084,109331
2039,32,132219,123477
2039,33,127806,123781
2039,34,130571,117931
2039,35,106044,91409
2039,36,96094,87764
2039,37,118697,106444
2039,38,125004,109459
2039,39,123570,112855
2039,40,114162,111255
2039,41,109087,113785
2039,42,120350,132771
2039,43,135109,151503
2039,44,132628,138506
2039,45,122400,116968
2039,46,109431,107425
2039,47,116204,123836
2039,48,116512,122955
2039,49,126665,133577
2039,50,152123,158404
2039,51,141830,146111
2039,52,154040,159654
2039,53,157211,167490
2039,54,153373,166877
2039,55,168148,185138
2039,56,117797,131210
2039,57,137661,158628
2039,58,130395,147031
2039,59,124346,152961
2039,60,148889,173779
2039,61,127477,149013
2039,62,127184,151754
2039,63,133337,161025
2039,64,134495,163615
2039,65,179986,228043
2039,66,123989,157784
2039,67,148587,179044
2039,68,128976,162348
2039,69,111060,142205
2039,70,136060,166320
2039,71,100483,135562
2039,72,100217,137837
2039,73,102958,147073
2039,74,101077,140765
2039,75,135831,190565
2039,76,89737,128759
2039,77,102401,144143
2039,78,94568,139013
2039,79,77342,121469
2039,80,79565,116246
2039,81,61811,95868
2039,82,48826,85323
2039,83,47902,86920
2039,84,43862,80651
2039,85,53502,105577
2039,86,29112,57430
2039,87,29425,58685
2039,88,23736,48194
2039,89,16771,34500
2039,90,15863,33198
2039,91,9311,20722
2039,92,8101,17834
2039,93,5365,13035
2039,94,3389,8880
2039,95,2994,8448
2039,96,1501,4498
2039,97,1384,4106
2039,98,773,2291
2039,99,423,1426
2039,100,567,2138
2040,0,59415,56470
2040,1,59692,56538
2040,2,59332,56943
2040,3,60513,57112
2040,4,60017,56904
2040,5,60759,57694
2040,6,60891,57808
2040,7,61660,58295
2040,8,62499,59146
2040,9,63236,60081
2040,10,64702,61281
2040,11,66046,62679
2040,12,67768,63774
2040,13,68903,65170
2040,14,70712,67015
2040,15,72836,68819
2040,16,74824,70088
2040,17,76634,72000
2040,18,78254,74138
2040,19,80473,76789
2040,20,83153,78981
2040,21,84544,80453
2040,22,86768,82496
2040,23,88674,83931
2040,24,90056,85537
2040,25,90392,85526
2040,26,89012,84784
2040,27,97135,96512
2040,28,106065,109479
2040,29,112856,108867
2040,30,110122,109932
2040,31,118917,106335
2040,32,129240,111338
2040,33,134374,125599
2040,34,130002,125758
2040,35,132348,119530
2040,36,107552,92860
2040,37,98073,89527
2040,38,120658,108292
2040,39,127061,111349
2040,40,125419,114671
2040,41,115862,113096
2040,42,110945,115981
2040,43,122451,135318
2040,44,137192,153744
2040,45,134511,140323
2040,46,124031,118638
2040,47,111208,109448
2040,48,117856,125767
2040,49,118399,125091
2040,50,128919,136065
2040,51,153973,160539
2040,52,143879,148591
2040,53,156049,162144
2040,54,159029,169959
2040,55,155461,169676
2040,56,168937,186824
2040,57,119387,133447
2040,58,138907,160535
2040,59,131463,148955
2040,60,125783,155116
2040,61,149489,175417
2040,62,128285,150772
2040,63,127913,153500
2040,64,133800,162773
2040,65,135708,166239
2040,66,179171,229064
2040,67,124567,159421
2040,68,147973,180066
2040,69,128379,163114
2040,70,111070,143361
2040,71,134511,166521
2040,72,99643,136122
2040,73,99207,138359
2040,74,101559,147048
2040,75,100140,141498
2040,76,132371,188803
2040,77,88020,128361
2040,78,99429,142611
2040,79,90947,136790
2040,80,74379,119056
2040,81,75571,113205
2040,82,58239,92607
2040,83,45776,82140
2040,84,44237,82769
2040,85,40386,76572
2040,86,47864,97417
2040,87,25810,52808
2040,88,25589,52937
2040,89,20342,42635
2040,90,14126,30156
2040,91,12931,28229
2040,92,7411,17324
2040,93,6265,14438
2040,94,4063,10253
2040,95,2476,6864
2040,96,2134,6380
2040,97,1096,3298
2040,98,941,2916
2040,99,478,1571
2040,100,583,2262
2041,0,59701,56295
2041,1,60307,57388
2041,2,60761,57558
2041,3,60319,57935
2041,4,61562,58121
2041,5,61080,57910
2041,6,61799,58636
2041,7,61922,58856
2041,8,62723,59255
2041,9,63527,60174
2041,10,64409,61171
2041,11,65872,62381
2041,12,67256,63785
2041,13,68939,64882
2041,14,70108,66288
2041,15,71938,68151
2041,16,74110,70021
2041,17,76151,71335
2041,18,78046,73280
2041,19,79662,75547
2041,20,81973,78185
2041,21,84595,80437
2041,22,86056,81889
2041,23,88329,83981
2041,24,90220,85431
2041,25,91678,87066
2041,26,91946,87055
2041,27,90712,86449
2041,28,99046,98443
2041,29,107992,111367
2041,30,114731,110845
2041,31,112177,111735
2041,32,121189,108299
2041,33,131542,113614
2041,34,136495,127788
2041,35,132249,127788
2041,36,134088,121090
2041,37,109194,94402
2041,38,100044,91376
2041,39,122768,110158
2041,40,129084,113323
2041,41,127319,116604
2041,42,117582,115053
2041,43,113049,118337
2041,44,124666,137941
2041,45,139321,156085
2041,46,136344,142217
2041,47,125738,120449
2041,48,113007,111507
2041,49,119681,127760
2041,50,120368,127323
2041,51,131187,138636
2041,52,155869,162775
2041,53,145979,151071
2041,54,157991,164724
2041,55,160820,172412
2041,56,157512,172450
2041,57,169845,188449
2041,58,120932,135831
2041,59,140047,162375
2041,60,132441,150908
2041,61,127184,157393
2041,62,150072,177048
2041,63,129029,152517
2041,64,128504,155351
2041,65,134197,164536
2041,66,136796,168914
2041,67,178360,229843
2041,68,125038,161022
2041,69,147405,181050
2041,70,127674,163686
2041,71,110856,144518
2041,72,132831,166563
2041,73,98691,136475
2041,74,98051,138844
2041,75,100058,146959
2041,76,98894,141885
2041,77,128543,186623
2041,78,85918,127451
2041,79,96071,140544
2041,80,87206,133850
2041,81,71004,116084
2041,82,71079,109374
2041,83,54180,88798
2041,84,42251,78255
2041,85,40274,78042
2041,86,36550,71847
2041,87,42081,88987
2041,88,22609,47756
2041,89,22007,46920
2041,90,17191,37022
2041,91,11522,25784
2041,92,10227,23383
2041,93,5787,14008
2041,94,4782,11359
2041,95,3001,7913
2041,96,1786,5204
2041,97,1493,4703
2041,98,732,2345
2041,99,587,1955
2041,100,659,2481
2042,0,59844,56579
2042,1,60693,57223
2042,2,61421,58445
2042,3,61820,58572
2042,4,61393,59016
2042,5,62685,59157
2042,6,62221,58971
2042,7,62902,59657
2042,8,63118,59861
2042,9,63815,60278
2042,10,64700,61257
2042,11,65626,62265
2042,12,67107,63528
2042,13,68511,64940
2042,14,70229,66041
2042,15,71350,67504
2042,16,73264,69422
2042,17,75511,71258
2042,18,77564,72660
2042,19,79429,74638
2042,20,81147,77001
2042,21,83449,79630
2042,22,86146,81964
2042,23,87686,83359
2042,24,89946,85481
2042,25,91856,87037
2042,26,93346,88668
2042,27,93565,88604
2042,28,92441,88258
2042,29,100918,100468
2042,30,110093,113377
2042,31,116715,112862
2042,32,114407,113687
2042,33,123530,110347
2042,34,133899,115865
2042,35,138925,130003
2042,36,134456,129938
2042,37,135942,122820
2042,38,110991,96018
2042,39,102269,93379
2042,40,125102,112150
2042,41,131291,115283
2042,42,129276,118643
2042,43,119485,117193
2042,44,115226,120698
2042,45,127066,140604
2042,46,141537,158451
2042,47,138317,144267
2042,48,127495,122280
2042,49,114887,113613
2042,50,121445,129819
2042,51,122306,129545
2042,52,133499,141224
2042,53,157808,165093
2042,54,147947,153733
2042,55,159912,167398
2042,56,162727,174863
2042,57,159477,175174
2042,58,170683,190243
2042,59,122549,138191
2042,60,141101,164288
2042,61,133350,153027
2042,62,128553,159624
2042,63,150547,178639
2042,64,129541,154267
2042,65,129052,157050
2042,66,134690,166292
2042,67,137650,171646
2042,68,177404,230549
2042,69,125305,162619
2042,70,146506,181908
2042,71,126825,164321
2042,72,110420,145486
2042,73,130934,166611
2042,74,97537,136778
2042,75,96750,139171
2042,76,98252,146553
2042,77,97185,141962
2042,78,124338,183843
2042,79,83350,126046
2042,80,92277,138013
2042,81,82734,130318
2042,82,67066,112440
2042,83,66126,104916
2042,84,49968,84272
2042,85,38602,74044
2042,86,36278,72640
2042,87,32638,66527
2042,88,36451,80124
2042,89,19411,42473
2042,90,18528,40922
2042,91,14045,31435
2042,92,9283,21525
2042,93,7858,18868
2042,94,4353,11052
2042,95,3582,8820
2042,96,2172,6036
2042,97,1246,3868
2042,98,978,3318
2042,99,463,1610
2042,100,789,2850
2043,0,59894,56755
2043,1,60819,57427
2043,2,61889,58248
2043,3,62528,59525
2043,4,62922,59646
2043,5,62553,60131
2043,6,63828,60252
2043,7,63477,60078
2043,8,64044,60739
2043,9,64282,61041
2043,10,65045,61415
2043,11,65892,62368
2043,12,66868,63420
2043,13,68369,64744
2043,14,69772,66163
2043,15,71531,67225
2043,16,72717,68763
2043,17,74679,70816
2043,18,76926,72636
2043,19,79025,73993
2043,20,80900,76057
2043,21,82716,78421
2043,22,85041,81189
2043,23,87784,83567
2043,24,89369,85006
2043,25,91708,87079
2043,26,93502,88723
2043,27,94998,90312
2043,28,95231,90292
2043,29,94289,90097
2043,30,103003,102528
2043,31,112163,115383
2043,32,118817,114970
2043,33,116631,115724
2043,34,125898,112495
2043,35,136411,118313
2043,36,141345,132306
2043,37,136881,132215
2043,38,137955,124520
2043,39,112744,97668
2043,40,104460,95448
2043,41,127400,114256
2043,42,133500,117380
2043,43,131318,120742
2043,44,121454,119315
2043,45,117392,123216
2043,46,129446,143381
2043,47,143812,160818
2043,48,140279,146393
2043,49,129261,124142
2043,50,116725,115832
2043,51,123284,131945
2043,52,124289,131798
2043,53,135936,143943
2043,54,159781,167602
2043,55,150020,156389
2043,56,161996,170085
2043,57,164502,177519
2043,58,161498,178042
2043,59,171449,191958
2043,60,124003,140626
2043,61,142115,166163
2043,62,134193,155106
2043,63,129705,161991
2043,64,150931,180310
2043,65,130069,156154
2043,66,129579,158755
2043,67,135029,167963
2043,68,138434,174293
2043,69,176265,231230
2043,70,125398,164179
2043,71,145410,182792
2043,72,125696,164703
2043,73,110026,146496
2043,74,128757,166432
2043,75,96028,136900
2043,76,95032,139077
2043,77,96004,145759
2043,78,95212,141514
2043,79,119611,180421
2043,80,80289,123897
2043,81,88012,134795
2043,82,77990,126301
2043,83,62732,108071
2043,84,60848,99722
2043,85,45557,79563
2043,86,34825,69049
2043,87,32323,66843
2043,88,28745,60558
2043,89,31234,70648
2043,90,16330,37296
2043,91,15164,34838
2043,92,11151,26267
2043,93,7166,17533
2043,94,5904,14802
2043,95,3266,8522
2043,96,2544,6697
2043,97,1547,4424
2043,98,844,2741
2043,99,625,2221
2043,100,759,2839
2044,0,59593,57079
2044,1,61001,57805
2044,2,62000,58505
2044,3,63061,59372
2044,4,63736,60660
2044,5,64164,60722
2044,6,63735,61278
2044,7,65104,61408
2044,8,64665,61209
2044,9,65232,61892
2044,10,65504,62189
2044,11,66257,62522
2044,12,67143,63581
2044,13,68138,64635
2044,14,69707,66010
2044,15,71133,67412
2044,16,72905,68527
2044,17,74152,70081
2044,18,76178,72223
2044,19,78380,74095
2044,20,80581,75413
2044,21,82467,77591
2044,22,84270,79926
2044,23,86588,82786
2044,24,89391,85227
2044,25,91074,86705
2044,26,93462,88772
2044,27,95188,90420
2044,28,96755,91993
2044,29,97039,92012
2044,30,96284,92007
2044,31,105110,104821
2044,32,114487,117587
2044,33,121063,117224
2044,34,118966,117775
2044,35,128427,114676
2044,36,139008,120764
2044,37,143765,134863
2044,38,139356,134451
2044,39,139980,126354
2044,40,114618,99407
2044,41,106771,97615
2044,42,129700,116365
2044,43,135879,119588
2044,44,133430,123003
2044,45,123451,121457
2044,46,119655,125760
2044,47,131951,146227
2044,48,146121,163438
2044,49,142352,148539
2044,50,131019,126148
2044,51,118650,118198
2044,52,125207,134179
2044,53,126307,134236
2044,54,138205,146783
2044,55,161764,169982
2044,56,152211,159168
2044,57,163940,172963
2044,58,166223,180235
2044,59,163338,180987
2044,60,172229,193603
2044,61,125429,143172
2044,62,143195,168241
2044,63,135032,157209
2044,64,130799,164392
2044,65,151206,181911
2044,66,130428,157909
2044,67,129964,160568
2044,68,135205,169710
2044,69,139101,177012
2044,70,174914,231603
2044,71,125402,165696
2044,72,144082,183529
2044,73,124341,165164
2044,74,109263,147381
2044,75,126358,166148
2044,76,94468,136734
2044,77,93038,138600
2044,78,93656,144734
2044,79,92616,140605
2044,80,114330,176198
2044,81,76981,121220
2044,82,83090,130629
2044,83,72809,121300
2044,84,58140,103010
2044,85,55475,93926
2044,86,40860,74118
2044,87,31033,63483
2044,88,28288,60705
2044,89,24902,54404
2044,90,25979,61279
2044,91,13454,31992
2044,92,12182,29041
2044,93,8622,21182
2044,94,5460,13841
2044,95,4392,11393
2044,96,2375,6476
2044,97,1776,4855
2044,98,1010,3106
2044,99,566,1863
2044,100,858,3217
2045,0,59673,56818
2045,1,60644,58141
2045,2,62177,58933
2045,3,63272,59673
2045,4,64302,60575
2045,5,65011,61859
2045,6,65397,61917
2045,7,64999,62507
2045,8,66336,62598
2045,9,65887,62379
2045,10,66493,63105
2045,11,66808,63404
2045,12,67626,63721
2045,13,68392,64727
2045,14,69508,65881
2045,15,71062,67288
2045,16,72521,68738
2045,17,74332,69856
2045,18,75611,71500
2045,19,77698,73665
2045,20,80007,75516
2045,21,82163,76975
2045,22,84091,79142
2045,23,85955,81557
2045,24,88346,84468
2045,25,91206,86941
2045,26,92844,88444
2045,27,95278,90528
2045,28,97050,92214
2045,29,98625,93723
2045,30,98829,93829
2045,31,98378,94073
2045,32,107201,107122
2045,33,116835,119862
2045,34,123279,119538
2045,35,121424,120020
2045,36,131129,116917
2045,37,141671,123405
2045,38,146392,137542
2045,39,141945,136824
2045,40,142091,128215
2045,41,116637,101307
2045,42,109229,99905
2045,43,132217,118677
2045,44,138299,121928
2045,45,135611,125259
2045,46,125532,123814
2045,47,121923,128454
2045,48,134442,149219
2045,49,148540,166189
2045,50,144426,150769
2045,51,132889,128111
2045,52,120558,120460
2045,53,127151,136401
2045,54,128294,136655
2045,55,140580,149697
2045,56,163646,172447
2045,57,154444,161955
2045,58,165900,175821
2045,59,168018,182987
2045,60,165234,183995
2045,61,172860,195339
2045,62,126770,145665
2045,63,144076,170296
2045,64,135788,159336
2045,65,131881,166817
2045,66,151369,183619
2045,67,130828,159636
2045,68,130234,162392
2045,69,135336,171280
2045,70,139537,179630
2045,71,173302,232040
2045,72,125090,166991
2045,73,142674,184143
2045,74,122757,165454
2045,75,108059,147853
2045,76,123696,165459
2045,77,92356,136286
2045,78,90840,137623
2045,79,90794,142990
2045,80,89513,138980
2045,81,108517,171157
2045,82,72942,118025
2045,83,77602,125700
2045,84,67205,115468
2045,85,53205,97365
2045,86,49938,87433
2045,87,36171,68152
2045,88,27102,57623
2045,89,24309,54230
2045,90,21119,47852
2045,91,21155,51912
2045,92,10809,26797
2045,93,9399,23557
2045,94,6482,16611
2045,95,4011,10701
2045,96,3163,8635
2045,97,1621,4741
2045,98,1225,3401
2045,99,626,2089
2045,100,850,3289
2046,0,59446,56256
2046,1,60790,57914
2046,2,61940,59270
2046,3,63478,60133
2046,4,64588,60855
2046,5,65596,61840
2046,6,66425,63157
2046,7,66705,63182
2046,8,66310,63751
2046,9,67658,63830
2046,10,67234,63609
2046,11,67819,64392
2046,12,68122,64657
2046,13,68987,65009
2046,14,69751,66069
2046,15,70877,67155
2046,16,72482,68657
2046,17,74056,70140
2046,18,75820,71244
2046,19,77177,72950
2046,20,79259,75215
2046,21,81594,77059
2046,22,83882,78586
2046,23,85727,80784
2046,24,87742,83329
2046,25,90208,86274
2046,26,92993,88596
2046,27,94728,90320
2046,28,97222,92448
2046,29,99026,94070
2046,30,100497,95523
2046,31,100773,95713
2046,32,100507,96335
2046,33,109520,109489
2046,34,119228,122303
2046,35,125722,121916
2046,36,124026,122375
2046,37,133787,119332
2046,38,144489,126044
2046,39,149151,140215
2046,40,144748,139409
2046,41,144246,130173
2046,42,118744,103263
2046,43,111826,102259
2046,44,134776,121049
2046,45,140779,124239
2046,46,137840,127534
2046,47,127684,126251
2046,48,124334,131340
2046,49,137067,152282
2046,50,151006,168906
2046,51,146520,153039
2046,52,134815,130303
2046,53,122525,122916
2046,54,129119,138778
2046,55,130350,139314
2046,56,143151,152686
2046,57,165705,175053
2046,58,156541,164935
2046,59,167789,178707
2046,60,169677,185805
2046,61,166980,186874
2046,62,173359,197250
2046,63,128074,148206
2046,64,144853,172376
2046,65,136523,161603
2046,66,132971,169127
2046,67,151456,185188
2046,68,131119,161487
2046,69,130495,164135
2046,70,135288,172914
2046,71,139662,182045
2046,72,171610,232294
2046,73,124472,168270
2046,74,140824,184495
2046,75,120873,165460
2046,76,106586,148061
2046,77,120570,164222
2046,78,90089,135166
2046,79,87959,136458
2046,80,87455,140654
2046,81,85935,136836
2046,82,102118,165341
2046,83,68496,114043
2046,84,71866,120003
2046,85,61377,109052
2046,86,48157,90953
2046,87,44365,80302
2046,88,31657,61772
2046,89,23192,51550
2046,90,20529,47529
2046,91,17388,41239
2046,92,16723,43196
2046,93,8461,21823
2046,94,7078,18592
2046,95,4803,12879
2046,96,2871,8221
2046,97,2219,6420
2046,98,1105,3366
2046,99,725,2291
2046,100,865,3432
2047,0,58900,56439
2047,1,60598,57357
2047,2,62072,59125
2047,3,63223,60471
2047,4,64826,61437
2047,5,65931,62064
2047,6,66947,63169
2047,7,67875,64429
2047,8,68054,64482
2047,9,67684,65041
2047,10,68997,65134
2047,11,68562,64939
2047,12,69177,65641
2047,13,69443,65941
2047,14,70418,66322
2047,15,71187,67468
2047,16,72383,68548
2047,17,73999,70081
2047,18,75657,71612
2047,19,77376,72750
2047,20,78826,74547
2047,21,80892,76885
2047,22,83298,78648
2047,23,85629,80258
2047,24,87456,82446
2047,25,89614,85072
2047,26,92133,88094
2047,27,94809,90470
2047,28,96629,92274
2047,29,99305,94372
2047,30,101008,96089
2047,31,102563,97485
2047,32,102864,97703
2047,33,102730,98512
2047,34,111892,111914
2047,35,121659,124749
2047,36,128219,124457
2047,37,126684,124815
2047,38,136746,121871
2047,39,147396,128887
2047,40,152067,143070
2047,41,147541,142115
2047,42,146417,132180
2047,43,120841,105237
2047,44,114466,104637
2047,45,137468,123515
2047,46,143250,126696
2047,47,140209,130031
2047,48,129882,128876
2047,49,126915,134270
2047,50,139714,155544
2047,51,153461,171804
2047,52,148724,155423
2047,53,136699,132429
2047,54,124639,125477
2047,55,131137,141276
2047,56,132472,142040
2047,57,145494,155714
2047,58,167663,177744
2047,59,158567,167935
2047,60,169643,181743
2047,61,171312,188576
2047,62,168727,189849
2047,63,173805,199007
2047,64,129271,150788
2047,65,145493,174488
2047,66,137116,163897
2047,67,133701,171473
2047,68,151451,186715
2047,69,131183,163110
2047,70,130665,165891
2047,71,134979,174522
2047,72,139749,184390
2047,73,169448,232458
2047,74,123724,169423
2047,75,138749,184477
2047,76,118694,165039
2047,77,104923,147793
2047,78,117040,162508
2047,79,87377,133668
2047,80,84744,134356
2047,81,83720,137725
2047,82,81731,133714
2047,83,95256,158348
2047,84,63723,109187
2047,85,65692,113450
2047,86,55260,101801
2047,87,42854,83574
2047,88,38614,72729
2047,89,27132,54997
2047,90,19647,45200
2047,91,16908,40672
2047,92,14033,34584
2047,93,12874,34769
2047,94,6440,17300
2047,95,5242,14526
2047,96,3406,9730
2047,97,2060,6023
2047,98,1469,4448
2047,99,718,2289
2047,100,961,3658
2048,0,58550,55601
2048,1,60123,57549
2048,2,61916,58634
2048,3,63446,60458
2048,4,64604,61725
2048,5,66211,62732
2048,6,67382,63364
2048,7,68436,64522
2048,8,69304,65702
2048,9,69491,65874
2048,10,69169,66417
2048,11,70410,66492
2048,12,70049,66334
2048,13,70655,67003
2048,14,70940,67325
2048,15,71877,67710
2048,16,72751,68901
2048,17,73898,70064
2048,18,75616,71606
2048,19,77311,73236
2048,20,79059,74373
2048,21,80564,76182
2048,22,82619,78585
2048,23,85052,80323
2048,24,87536,81947
2048,25,89229,84201
2048,26,91609,86892
2048,27,94145,90054
2048,28,96794,92414
2048,29,98640,94240
2048,30,101358,96438
2048,31,103147,98205
2048,32,104665,99547
2048,33,104934,99835
2048,34,105031,100874
2048,35,114428,114554
2048,36,124247,127348
2048,37,130812,127055
2048,38,129486,127337
2048,39,139706,124523
2048,40,150419,131809
2048,41,155077,145965
2048,42,150452,144795
2048,43,148766,134307
2048,44,123112,107346
2048,45,117119,107223
2048,46,140253,126051
2048,47,145912,129361
2048,48,142626,132674
2048,49,132214,131545
2048,50,129462,137288
2048,51,142563,158982
2048,52,155947,174650
2048,53,150980,157873
2048,54,138701,134759
2048,55,126690,128098
2048,56,133000,143964
2048,57,134734,144810
2048,58,147950,158875
2048,59,169720,180577
2048,60,160719,170927
2048,61,171509,184750
2048,62,172824,191530
2048,63,170320,192731
2048,64,174293,200750
2048,65,130394,153280
2048,66,146019,176544
2048,67,137607,166006
2048,68,134349,173700
2048,69,151170,188288
2048,70,131183,164816
2048,71,130447,167467
2048,72,134465,176167
2048,73,139615,186614
2048,74,166820,232327
2048,75,122555,170216
2048,76,136285,184046
2048,77,116114,164395
2048,78,102764,147334
2048,79,113015,160190
2048,80,84278,131671
2048,81,81056,131800
2048,82,79434,133900
2048,83,77123,129729
2048,84,87714,150398
2048,85,58489,103538
2048,86,59115,105997
2048,87,49133,93669
2048,88,37692,75799
2048,89,33191,64747
2048,90,22879,48251
2048,91,16144,38812
2048,92,13565,34043
2048,93,10928,28215
2048,94,9678,27291
2048,95,4752,13424
2048,96,3730,10952
2048,97,2372,7156
2048,98,1381,4228
2048,99,960,3032
2048,100,1016,3831
2049,0,57860,54628
2049,1,59728,56784
2049,2,61504,58789
2049,3,63297,59987
2049,4,64825,61767
2049,5,66052,63055
2049,6,67715,64148
2049,7,68863,64715
2049,8,69887,65930
2049,9,70796,67128
2049,10,71020,67328
2049,11,70721,67874
2049,12,71877,67952
2049,13,71571,67733
2049,14,72239,68426
2049,15,72499,68776
2049,16,73455,69164
2049,17,74351,70421
2049,18,75485,71660
2049,19,77277,73171
2049,20,78951,74815
2049,21,80809,76090
2049,22,82329,77838
2049,23,84464,80350
2049,24,86841,82128
2049,25,89380,83760
2049,26,91160,86100
2049,27,93566,88829
2049,28,96146,92101
2049,29,98968,94446
2049,30,100763,96281
2049,31,103474,98558
2049,32,105404,100344
2049,33,106875,101630
2049,34,107207,102056
2049,35,107461,103277
2049,36,117055,117342
2049,37,127011,130067
2049,38,133549,129736
2049,39,132389,129995
2049,40,142775,127375
2049,41,153651,134904
2049,42,158171,149005
2049,43,153466,147614
2049,44,151167,136576
2049,45,125452,109599
2049,46,119940,109824
2049,47,143129,128781
2049,48,148664,132052
2049,49,145034,135365
2049,50,134588,134354
2049,51,132027,140477
2049,52,145322,162265
2049,53,158410,177626
2049,54,153190,160451
2049,55,140577,137216
2049,56,128814,130812
2049,57,134966,146472
2049,58,136973,147676
2049,59,150231,162192
2049,60,171593,183437
2049,61,162723,174068
2049,62,173207,187730
2049,63,174406,194645
2049,64,171839,195697
2049,65,174590,202540
2049,66,131524,155921
2049,67,146468,178687
2049,68,137945,168097
2049,69,134936,175960
2049,70,150794,189739
2049,71,130959,166396
2049,72,130127,169022
2049,73,133708,177665
2049,74,139032,188685
2049,75,164115,231943
2049,76,121026,170633
2049,77,133358,183280
2049,78,113221,163265
2049,79,100097,146164
2049,80,108450,157232
2049,81,80712,129043
2049,82,76833,128315
2049,83,74490,129266
2049,84,71980,124525
2049,85,79955,141556
2049,86,53098,96899
2049,87,52718,97729
2049,88,43000,85102
2049,89,32435,67664
2049,90,27842,56556
2049,91,18809,41372
2049,92,12985,32467
2049,93,10614,27868
2049,94,8241,22587
2049,95,7122,21090
2049,96,3433,10268
2049,97,2651,8028
2049,98,1576,5094
2049,99,883,2829
2049,100,1184,4439
