year,zone,autoAccessibility,transitAccessibility,population,households,hhInc_<20000,hhInc_>20000,hhInc_>40000,hhInc_>60000,dd_SF,dd_MF,availLand,avePrice,jobs,shWhite,shBlack,shHispanic,shOther
0,1,13.653064179325566,1.1306551186992158,477.0,250,250,0,0,0,130,132,30.0,748.0916,192,0,0,0,0
0,2,33.7250876054172,3.282951121546904E-11,0.0,0,0,0,0,0,0,0,30.0,-1.0,94,0,0,0,0
0,3,43.90904307615438,6.1970680250646744E-12,0.0,0,0,0,0,0,0,0,30.0,-1.0,96,0,0,0,0
0,4,43.07872885067819,1.0870928802383308E-10,0.0,0,0,0,0,0,0,0,30.0,-1.0,96,0,0,0,0
0,5,44.291138928858004,2.439767548455544,477.0,250,250,0,0,0,130,132,30.0,748.0916,484,0,0,0,0
0,6,34.84915729253759,3.282922648823816E-11,0.0,0,0,0,0,0,0,0,30.0,-1.0,94,0,0,0,0
0,7,56.647102289949316,17.666155213683314,0.0,0,0,0,0,0,0,0,30.0,-1.0,100,0,0,0,0
0,8,48.45788845656512,1.3701432977714201E-9,926.0,500,500,0,0,0,263,262,30.0,750.4762,383,0,0,0,0
0,9,78.30419599913738,19.00966064462155,0.0,0,0,0,0,0,0,0,30.0,-1.0,101,0,0,0,0
0,10,60.591438948178336,1.0813877566506926E-10,0.0,0,0,0,0,0,0,0,30.0,-1.0,99,0,0,0,0
0,11,43.206262031399135,6.320786464975737E-12,0.0,0,0,0,0,0,0,0,30.0,-1.0,98,0,0,0,0
0,12,45.4981993906715,1.3847058509779345E-9,926.0,500,500,0,0,0,263,262,30.0,750.4762,382,0,0,0,0
0,13,54.245605716287955,100.0,5672.0,3000,3000,0,0,0,1567,1583,30.0,748.73016,1930,0,0,0,0
0,14,94.58313977501464,1.4882664023623873E-9,926.0,500,500,0,0,0,263,262,30.0,750.4762,387,0,0,0,0
0,15,51.24441770503627,6.331508475506668E-12,0.0,0,0,0,0,0,0,0,30.0,-1.0,99,0,0,0,0
0,16,36.8805104697128,1.1032133833075408E-10,0.0,0,0,0,0,0,0,0,30.0,-1.0,97,0,0,0,0
0,17,65.93237671045507,17.84027668612743,0.0,0,0,0,0,0,0,0,30.0,-1.0,98,0,0,0,0
0,18,100.0,1.7896260654278498E-9,0.0,0,0,0,0,0,0,0,30.0,-1.0,381,0,0,0,0
0,19,56.59089546250219,19.62810626142899,0.0,0,0,0,0,0,0,0,30.0,-1.0,0,0,0,0,0
0,20,27.6882979807518,2.9972814321048965E-15,0.0,0,0,0,0,0,0,0,30.0,-1.0,0,0,0,0,0
0,21,21.75272457209588,1.5591851355687212,926.0,500,500,0,0,0,263,262,30.0,750.4762,194,0,0,0,0
0,22,33.09929545918455,1.0609334577354453E-10,0.0,0,0,0,0,0,0,0,30.0,-1.0,95,0,0,0,0
0,23,47.209412852635374,1.0456270848009246E-11,926.0,500,500,0,0,0,263,262,30.0,750.4762,96,0,0,0,0
0,24,26.5089030029102,2.913754592504409E-15,0.0,0,0,0,0,0,0,0,30.0,-1.0,0,0,0,0,0
0,25,13.941382432801314,19.720753978463385,0.0,0,0,0,0,0,0,0,30.0,-1.0,195,0,0,0,0
1,1,8.625735492713197,1.1306551186992158,458.0,237,237,0,0,0,130,134,29.799999997019768,714.11743,192,0,0,0,0
1,2,23.576600823853124,3.282951121546904E-11,4.0,2,2,0,0,0,2,0,29.399999976158142,143.0,94,0,0,0,0
1,3,33.70330223077425,6.1970680250646744E-12,1.0,1,1,0,0,0,1,0,29.69999998807907,146.0,96,0,0,0,0
1,4,36.516701409411425,1.0870928802383308E-10,3.0,3,3,0,0,0,0,3,29.69999999552965,165.0,96,0,0,0,0
1,5,29.97494721397632,2.439767548455544,496.0,251,251,0,0,0,133,132,29.099999964237213,749.8151,484,0,0,0,0
1,6,23.552118913152768,3.282922648823816E-11,5.0,2,2,0,0,0,2,1,29.299999974668026,144.66667,94,0,0,0,0
1,7,40.53103186271523,17.666155213683314,9.0,5,5,0,0,0,4,4,28.39999994635582,145.5,100,0,0,0,0
1,8,30.031396910218564,1.3701432977714201E-9,919.0,500,500,0,0,0,265,262,29.399999976158142,758.8349,383,0,0,0,0
1,9,42.66920911912019,19.00966064462155,1.0,1,1,0,0,0,2,1,29.299999974668026,152.33333,101,0,0,0,0
1,10,40.41407331312472,1.0813877566506926E-10,5.0,4,4,0,0,0,1,4,29.299999982118607,161.2,99,0,0,0,0
1,11,28.37959949756883,6.320786464975737E-12,2.0,1,1,0,0,0,1,0,29.69999998807907,143.0,98,0,0,0,0
1,12,30.45094939071701,1.3847058509779345E-9,916.0,490,490,0,0,0,263,262,30.0,719.74097,382,0,0,0,0
1,13,39.06999660854008,100.0,5767.0,2984,2984,0,0,0,1609,1595,16.19999948143959,719.39703,1930,0,0,0,0
1,14,100.0,1.4882664023623873E-9,921.0,485,485,0,0,0,263,263,29.899999998509884,748.8365,387,0,0,0,0
1,15,40.11012155577115,6.331508475506668E-12,0.0,0,0,0,0,0,1,1,29.599999986588955,150.0,99,0,0,0,0
1,16,14.08601690032964,1.1032133833075408E-10,1.0,1,1,0,0,0,1,1,29.599999986588955,144.5,97,0,0,0,0
1,17,46.697576596669975,17.84027668612743,2.0,2,2,0,0,0,2,3,29.099999971687794,144.8,98,0,0,0,0
1,18,39.21398535815081,1.7896260654278498E-9,3.0,1,1,0,0,0,2,4,28.999999970197678,145.0,381,0,0,0,0
1,19,39.06004436850031,19.62810626142899,3.0,3,3,0,0,0,1,3,29.399999983608723,150.0,0,0,0,0,0
1,20,19.60176495302355,2.9972814321048965E-15,0.0,0,0,0,0,0,2,0,29.399999976158142,150.0,0,0,0,0,0
1,21,14.639648107336765,1.5591851355687212,909.0,482,482,0,0,0,264,263,29.599999986588955,717.25995,194,0,0,0,0
1,22,22.787272714660872,1.0609334577354453E-10,4.0,3,3,0,0,0,2,2,29.19999997317791,144.5,95,0,0,0,0
1,23,28.61073026466898,1.0456270848009246E-11,937.0,491,491,0,0,0,266,264,28.89999996125698,714.0151,96,0,0,0,0
1,24,17.706300447338066,2.913754592504409E-15,0.0,0,0,0,0,0,0,0,30.0,-1.0,0,0,0,0,0
1,25,9.422830950696682,19.720753978463385,2.0,2,2,0,0,0,1,1,29.599999986588955,150.0,195,0,0,0,0
2,1,8.205482572661799,1.1306551186992158,465.0,237,237,0,0,0,130,134,29.799999997019768,706.1212,192,0,0,0,0
2,2,20.645103456116736,3.282951121546904E-11,6.0,3,3,0,0,0,3,1,28.999999962747097,109.25,94,0,0,0,0
2,3,29.73806236344382,6.1970680250646744E-12,6.0,4,4,0,0,0,1,4,29.299999982118607,143.2,96,0,0,0,0
2,4,31.367125006717163,1.0870928802383308E-10,3.0,3,3,0,0,0,0,4,29.599999994039536,130.0,96,0,0,0,0
2,5,26.422641988687293,2.439767548455544,478.0,247,247,0,0,0,133,135,28.799999959766865,714.3097,484,0,0,0,0
2,6,20.17652469480923,3.282922648823816E-11,5.0,3,3,0,0,0,2,2,29.19999997317791,117.0,94,0,0,0,0
2,7,31.14660540764664,17.666155213683314,13.0,7,7,0,0,0,4,4,28.39999994635582,143.0,100,0,0,0,0
2,8,29.25339142784384,1.3701432977714201E-9,903.0,483,483,0,0,0,265,265,29.099999971687794,725.39624,383,0,0,0,0
2,9,55.187300298909584,19.00966064462155,7.0,5,5,0,0,0,3,4,28.69999995827675,84.14286,101,0,0,0,0
2,10,37.51399160019789,1.0813877566506926E-10,5.0,4,4,0,0,0,1,4,29.299999982118607,155.2,99,0,0,0,0
2,11,22.273886657548164,6.320786464975737E-12,2.0,1,1,0,0,0,1,0,29.69999998807907,143.0,98,0,0,0,0
2,12,25.96426216716372,1.3847058509779345E-9,896.0,473,473,0,0,0,263,262,30.0,711.77716,382,0,0,0,0
2,13,61.03206586817369,100.0,5772.0,2955,2955,0,0,0,1611,1630,12.099999405443668,684.9488,1930,0,0,0,0
2,14,100.0,1.4882664023623873E-9,946.0,483,483,0,0,0,263,262,30.0,724.3238,387,0,0,0,0
2,15,39.70114316849373,6.331508475506668E-12,3.0,3,3,0,0,0,1,2,29.49999998509884,110.0,99,0,0,0,0
2,16,19.85133860479139,1.1032133833075408E-10,4.0,2,2,0,0,0,1,2,29.49999998509884,109.666664,97,0,0,0,0
2,17,39.86833886856052,17.84027668612743,8.0,5,5,0,0,0,3,3,28.799999959766865,124.166664,98,0,0,0,0
2,18,55.807532305191835,1.7896260654278498E-9,15.0,5,5,0,0,0,2,5,28.89999996870756,130.0,381,0,0,0,0
2,19,44.33368634017061,19.62810626142899,4.0,4,4,0,0,0,1,3,29.399999983608723,145.0,0,0,0,0,0
2,20,18.353717478998583,2.9972814321048965E-15,5.0,2,2,0,0,0,2,1,29.299999974668026,140.33333,0,0,0,0,0
2,21,12.606994936365142,1.5591851355687212,881.0,459,459,0,0,0,264,263,29.599999986588955,717.25995,194,0,0,0,0
2,22,19.37508372986241,1.0609334577354453E-10,4.0,3,3,0,0,0,2,2,29.19999997317791,144.5,95,0,0,0,0
2,23,26.745091928736194,1.0456270848009246E-11,886.0,454,454,0,0,0,266,264,28.89999996125698,714.0151,96,0,0,0,0
2,24,17.48678503525601,2.913754592504409E-15,0.0,0,0,0,0,0,0,1,29.899999998509884,131.0,0,0,0,0,0
2,25,8.698720637877003,19.720753978463385,2.0,1,1,0,0,0,1,1,29.599999986588955,145.0,195,0,0,0,0
3,1,7.250535498621053,1.1306551186992158,441.0,234,234,0,0,0,130,134,29.799999997019768,695.125,192,0,0,0,0
3,2,18.951130809312552,3.282951121546904E-11,5.0,4,4,0,0,0,3,1,28.999999962747097,107.75,94,0,0,0,0
3,3,26.353755990367016,6.1970680250646744E-12,6.0,4,4,0,0,0,1,4,29.299999982118607,137.6,96,0,0,0,0
3,4,31.131777410454937,1.0870928802383308E-10,5.0,4,4,0,0,0,0,4,29.599999994039536,124.25,96,0,0,0,0
3,5,23.422462730367428,2.439767548455544,472.0,239,239,0,0,0,133,135,28.799999959766865,702.41046,484,0,0,0,0
3,6,18.398977457050826,3.282922648823816E-11,6.0,4,4,0,0,0,2,3,29.099999971687794,96.8,94,0,0,0,0
3,7,37.806746125346244,17.666155213683314,16.0,8,8,0,0,0,4,4,28.39999994635582,139.5,100,0,0,0,0
3,8,21.156274758058352,1.3701432977714201E-9,923.0,481,481,0,0,0,266,265,28.799999959766865,712.484,383,0,0,0,0
3,9,38.991506309114406,19.00966064462155,9.0,7,7,0,0,0,3,4,28.69999995827675,82.28571,101,0,0,0,0
3,10,32.81902916165631,1.0813877566506926E-10,5.0,4,4,0,0,0,1,5,29.19999998062849,132.0,99,0,0,0,0
3,11,23.967682494005093,6.320786464975737E-12,2.0,1,1,0,0,0,1,0,29.69999998807907,143.0,98,0,0,0,0
3,12,29.05685306499445,1.3847058509779345E-9,922.0,472,472,0,0,0,263,262,30.0,700.82666,382,0,0,0,0
3,13,39.75228786113969,100.0,5850.0,2940,2940,0,0,0,1614,1633,10.899999365210533,652.96643,1930,0,0,0,0
3,14,99.2089873755273,1.4882664023623873E-9,964.0,484,484,0,0,0,264,263,29.599999986588955,717.1575,387,0,0,0,0
3,15,35.54427199731858,6.331508475506668E-12,2.0,2,2,0,0,0,1,2,29.49999998509884,108.666664,99,0,0,0,0
3,16,15.059911711563672,1.1032133833075408E-10,6.0,3,3,0,0,0,1,2,29.49999998509884,109.666664,97,0,0,0,0
3,17,47.09424734423835,17.84027668612743,8.0,5,5,0,0,0,3,3,28.799999959766865,124.166664,98,0,0,0,0
3,18,100.0,1.7896260654278498E-9,16.0,6,6,0,0,0,2,5,28.89999996870756,130.0,381,0,0,0,0
3,19,41.7892018154042,19.62810626142899,3.0,2,2,0,0,0,1,3,29.399999983608723,142.75,0,0,0,0,0
3,20,16.17506974751251,2.9972814321048965E-15,5.0,3,3,0,0,0,2,1,29.299999974668026,139.33333,0,0,0,0,0
3,21,12.203216651280188,1.5591851355687212,833.0,436,436,0,0,0,264,263,29.599999986588955,717.25995,194,0,0,0,0
3,22,20.25469469501006,1.0609334577354453E-10,4.0,3,3,0,0,0,2,2,29.19999997317791,144.5,95,0,0,0,0
3,23,31.247874372867233,1.0456270848009246E-11,830.0,433,433,0,0,0,266,264,28.89999996125698,714.0151,96,0,0,0,0
3,24,15.655719923176823,2.913754592504409E-15,2.0,1,1,0,0,0,0,1,29.899999998509884,128.0,0,0,0,0,0
3,25,7.6071350453262365,19.720753978463385,3.0,2,2,0,0,0,1,1,29.599999986588955,143.5,195,0,0,0,0
4,1,8.813467455376216,1.1306551186992158,444.0,235,235,0,0,0,130,134,29.799999997019768,666.4394,192,0,0,0,0
4,2,22.67536546521193,3.282951121546904E-11,6.0,4,4,0,0,0,3,1,28.999999962747097,103.25,94,0,0,0,0
4,3,32.53549135742403,6.1970680250646744E-12,3.0,3,3,0,0,0,1,5,29.19999998062849,121.5,96,0,0,0,0
4,4,39.414448795961974,1.0870928802383308E-10,5.0,4,4,0,0,0,0,4,29.599999994039536,124.25,96,0,0,0,0
4,5,27.638975836112355,2.439767548455544,446.0,230,230,0,0,0,134,135,28.499999947845936,700.32715,484,0,0,0,0
4,6,22.33039185615099,3.282922648823816E-11,6.0,3,3,0,0,0,2,3,29.099999971687794,93.0,94,0,0,0,0
4,7,46.07289170955258,17.666155213683314,16.0,8,8,0,0,0,4,5,28.299999944865704,123.44444,100,0,0,0,0
4,8,32.75482159410191,1.3701432977714201E-9,892.0,467,467,0,0,0,266,265,28.799999959766865,712.484,383,0,0,0,0
4,9,55.73720011933759,19.00966064462155,11.0,5,5,0,0,0,3,4,28.69999995827675,82.28571,101,0,0,0,0
4,10,39.23977093343608,1.0813877566506926E-10,8.0,5,5,0,0,0,1,5,29.19999998062849,132.0,99,0,0,0,0
4,11,26.707718526034625,6.320786464975737E-12,3.0,1,1,0,0,0,1,0,29.69999998807907,137.0,98,0,0,0,0
4,12,34.8813491383627,1.3847058509779345E-9,958.0,484,484,0,0,0,263,262,30.0,671.89526,382,0,0,0,0
4,13,100.0,100.0,5822.0,2900,2900,0,0,0,1617,1631,10.199999332427979,652.40765,1930,0,0,0,0
4,14,87.26113684828869,1.4882664023623873E-9,957.0,475,475,0,0,0,263,264,29.799999997019768,715.58826,387,0,0,0,0
4,15,37.438907263145744,6.331508475506668E-12,4.0,2,2,0,0,0,1,2,29.49999998509884,108.666664,99,0,0,0,0
4,16,16.900486796829508,1.1032133833075408E-10,4.0,2,2,0,0,0,1,2,29.49999998509884,109.666664,97,0,0,0,0
4,17,47.45006047297232,17.84027668612743,8.0,5,5,0,0,0,3,3,28.799999959766865,124.166664,98,0,0,0,0
4,18,63.63190758071419,1.7896260654278498E-9,17.0,7,7,0,0,0,2,5,28.89999996870756,130.0,381,0,0,0,0
4,19,43.916260948152384,19.62810626142899,8.0,3,3,0,0,0,1,3,29.399999983608723,142.75,0,0,0,0,0
4,20,18.474026904281143,2.9972814321048965E-15,2.0,2,2,0,0,0,2,1,29.299999974668026,139.33333,0,0,0,0,0
4,21,13.927328011373454,1.5591851355687212,832.0,433,433,0,0,0,264,262,29.69999998807907,717.6977,194,0,0,0,0
4,22,21.32384495901619,1.0609334577354453E-10,7.0,4,4,0,0,0,2,2,29.19999997317791,144.5,95,0,0,0,0
4,23,27.999504864261585,1.0456270848009246E-11,822.0,440,440,0,0,0,266,264,28.89999996125698,714.0151,96,0,0,0,0
4,24,17.87595658409698,2.913754592504409E-15,2.0,1,1,0,0,0,0,1,29.899999998509884,128.0,0,0,0,0,0
4,25,9.032768367594597,19.720753978463385,3.0,2,2,0,0,0,1,1,29.599999986588955,143.5,195,0,0,0,0
5,1,6.145068402210584,1.1306551186992158,445.0,236,236,0,0,0,130,134,29.799999997019768,656.9432,192,0,0,0,0
5,2,18.553335779283472,3.282951121546904E-11,6.0,4,4,0,0,0,3,1,28.999999962747097,102.0,94,0,0,0,0
5,3,25.139010617778336,6.1970680250646744E-12,5.0,5,5,0,0,0,1,5,29.19999998062849,121.5,96,0,0,0,0
5,4,33.589359558915085,1.0870928802383308E-10,5.0,4,4,0,0,0,0,4,29.599999994039536,124.25,96,0,0,0,0
5,5,23.475516595934362,2.439767548455544,439.0,228,228,0,0,0,134,135,28.499999947845936,700.32715,484,0,0,0,0
5,6,19.338907254220757,3.282922648823816E-11,10.0,5,5,0,0,0,3,3,28.799999959766865,79.5,94,0,0,0,0
5,7,32.82708256237001,17.666155213683314,17.0,9,9,0,0,0,4,5,28.299999944865704,120.55556,100,0,0,0,0
5,8,29.695846235234768,1.3701432977714201E-9,893.0,468,468,0,0,0,266,265,28.799999959766865,712.484,383,0,0,0,0
5,9,52.29951579095438,19.00966064462155,11.0,5,5,0,0,0,3,4,28.69999995827675,82.28571,101,0,0,0,0
5,10,34.20695462804806,1.0813877566506926E-10,8.0,5,5,0,0,0,1,5,29.19999998062849,132.0,99,0,0,0,0
5,11,25.732717267606024,6.320786464975737E-12,3.0,1,1,0,0,0,1,0,29.69999998807907,137.0,98,0,0,0,0
5,12,26.187489685422378,1.3847058509779345E-9,950.0,475,475,0,0,0,262,263,30.200000010430813,660.9429,382,0,0,0,0
5,13,82.28882336923779,100.0,5866.0,2907,2907,0,0,0,1617,1630,10.299999333918095,641.53033,1930,0,0,0,0
5,14,100.0,1.4882664023623873E-9,933.0,460,460,0,0,0,262,264,30.100000008940697,715.10834,387,0,0,0,0
5,15,38.20862447701294,6.331508475506668E-12,1.0,1,1,0,0,0,1,2,29.49999998509884,108.666664,99,0,0,0,0
5,16,21.51128548047265,1.1032133833075408E-10,9.0,3,3,0,0,0,1,2,29.49999998509884,109.666664,97,0,0,0,0
5,17,46.73078674143028,17.84027668612743,10.0,6,6,0,0,0,3,3,28.799999959766865,124.166664,98,0,0,0,0
5,18,93.0279544483637,1.7896260654278498E-9,16.0,7,7,0,0,0,2,5,28.89999996870756,130.0,381,0,0,0,0
5,19,39.24080603137423,19.62810626142899,11.0,4,4,0,0,0,1,3,29.399999983608723,142.75,0,0,0,0,0
5,20,16.85844744209836,2.9972814321048965E-15,2.0,2,2,0,0,0,2,1,29.299999974668026,139.33333,0,0,0,0,0
5,21,12.867998236031834,1.5591851355687212,813.0,423,423,0,0,0,264,262,29.69999998807907,717.6977,194,0,0,0,0
5,22,20.861263602206087,1.0609334577354453E-10,5.0,4,4,0,0,0,2,2,29.19999997317791,144.5,95,0,0,0,0
5,23,26.772782285102323,1.0456270848009246E-11,797.0,422,422,0,0,0,266,264,28.89999996125698,714.0151,96,0,0,0,0
5,24,15.69342460863954,2.913754592504409E-15,2.0,1,1,0,0,0,0,1,29.899999998509884,128.0,0,0,0,0,0
5,25,8.031675060966435,19.720753978463385,3.0,2,2,0,0,0,1,1,29.599999986588955,143.5,195,0,0,0,0
6,1,10.947327636659562,1.1306551186992158,475.0,241,241,0,0,0,130,134,29.799999997019768,648.45074,192,0,0,0,0
6,2,29.7069156093206,3.282951121546904E-11,5.0,4,4,0,0,0,3,1,28.999999962747097,100.75,94,0,0,0,0
6,3,41.10293004383237,6.1970680250646744E-12,6.0,5,5,0,0,0,1,5,29.19999998062849,121.5,96,0,0,0,0
6,4,45.77285230787553,1.0870928802383308E-10,3.0,3,3,0,0,0,0,4,29.599999994039536,124.25,96,0,0,0,0
6,5,35.52361500625373,2.439767548455544,450.0,238,238,0,0,0,134,135,28.499999947845936,700.32715,484,0,0,0,0
6,6,28.506825837923614,3.282922648823816E-11,12.0,6,6,0,0,0,3,3,28.799999959766865,78.333336,94,0,0,0,0
6,7,50.792745871911464,17.666155213683314,18.0,9,9,0,0,0,4,5,28.299999944865704,118.111115,100,0,0,0,0
6,8,43.75287812450068,1.3701432977714201E-9,876.0,455,455,0,0,0,266,265,28.799999959766865,712.484,383,0,0,0,0
6,9,61.83226113850683,19.00966064462155,14.0,6,6,0,0,0,3,4,28.69999995827675,82.28571,101,0,0,0,0
6,10,49.626501579939045,1.0813877566506926E-10,3.0,3,3,0,0,0,1,5,29.19999998062849,132.0,99,0,0,0,0
6,11,38.47892572557962,6.320786464975737E-12,3.0,1,1,0,0,0,1,0,29.69999998807907,137.0,98,0,0,0,0
6,12,38.81820002679849,1.3847058509779345E-9,953.0,471,470,1,0,0,262,264,30.100000008940697,649.9981,382,0,0,0,0
6,13,93.4217406688491,100.0,5832.0,2891,2891,0,0,0,1618,1631,9.89999932050705,640.79407,1930,0,0,0,0
6,14,100.0,1.4882664023623873E-9,960.0,470,470,0,0,0,261,264,30.400000020861626,704.64954,387,0,0,0,0
6,15,46.279618725129666,6.331508475506668E-12,3.0,3,3,0,0,0,1,2,29.49999998509884,106.0,99,0,0,0,0
6,16,30.83756216915103,1.1032133833075408E-10,8.0,2,2,0,0,0,1,2,29.49999998509884,109.666664,97,0,0,0,0
6,17,59.25337911640009,17.84027668612743,11.0,6,6,0,0,0,3,3,28.799999959766865,124.166664,98,0,0,0,0
6,18,63.93090813821238,1.7896260654278498E-9,16.0,7,7,0,0,0,2,5,28.89999996870756,130.0,381,0,0,0,0
6,19,55.219376704360535,19.62810626142899,11.0,4,4,0,0,0,1,3,29.399999983608723,138.25,0,0,0,0,0
6,20,23.684421644329518,2.9972814321048965E-15,2.0,2,2,0,0,0,2,1,29.299999974668026,137.66667,0,0,0,0,0
6,21,16.73473719996055,1.5591851355687212,772.0,404,404,0,0,0,264,262,29.69999998807907,717.6977,194,0,0,0,0
6,22,27.35789263858714,1.0609334577354453E-10,6.0,3,3,0,0,0,2,2,29.19999997317791,144.5,95,0,0,0,0
6,23,36.637018313254174,1.0456270848009246E-11,791.0,407,407,0,0,0,266,264,28.89999996125698,714.0151,96,0,0,0,0
6,24,22.757552384429513,2.913754592504409E-15,2.0,1,1,0,0,0,0,1,29.899999998509884,123.0,0,0,0,0,0
6,25,11.507855581593267,19.720753978463385,3.0,2,2,0,0,0,1,1,29.599999986588955,140.5,195,0,0,0,0
7,1,6.3076097799032755,1.1306551186992158,444.0,233,233,0,0,0,130,134,29.799999997019768,647.38257,192,0,0,0,0
7,2,16.814228908875677,3.282951121546904E-11,4.0,4,4,0,0,0,3,1,28.999999962747097,100.75,94,0,0,0,0
7,3,22.8114501480557,6.1970680250646744E-12,5.0,5,5,0,0,0,1,5,29.19999998062849,121.5,96,0,0,0,0
7,4,26.458750371895366,1.0870928802383308E-10,4.0,4,4,0,0,0,0,4,29.599999994039536,124.25,96,0,0,0,0
7,5,20.47529972604267,2.439767548455544,448.0,244,244,0,0,0,134,133,28.699999950826168,701.7903,484,0,0,0,0
7,6,16.337729955243788,3.282922648823816E-11,13.0,6,6,0,0,0,3,3,28.799999959766865,78.333336,94,0,0,0,0
7,7,33.3468873374933,17.666155213683314,17.0,8,8,0,0,0,4,5,28.299999944865704,118.111115,100,0,0,0,0
7,8,21.389368256332723,1.3701432977714201E-9,890.0,454,454,0,0,0,265,265,29.099999971687794,712.06415,383,0,0,0,0
7,9,29.747781033050046,19.00966064462155,14.0,6,6,0,0,0,3,4,28.69999995827675,82.28571,101,0,0,0,0
7,10,27.347698099743845,1.0813877566506926E-10,7.0,6,6,0,0,0,1,5,29.19999998062849,132.0,99,0,0,0,0
7,11,21.67809943196335,6.320786464975737E-12,3.0,1,1,0,0,0,2,0,29.399999976158142,79.0,98,0,0,0,0
7,12,26.33440516611589,1.3847058509779345E-9,928.0,456,456,0,0,0,262,264,30.100000008940697,649.9981,382,0,0,0,0
7,13,64.18087966506609,100.0,5909.0,2882,2882,0,0,0,1618,1633,9.699999317526817,640.24884,1930,0,0,0,0
7,14,67.87077481656844,1.4882664023623873E-9,949.0,463,462,1,0,0,260,264,30.700000032782555,704.147,387,0,0,0,0
7,15,26.924816118948236,6.331508475506668E-12,2.0,2,2,0,0,0,1,2,29.49999998509884,106.0,99,0,0,0,0
7,16,18.577237597415095,1.1032133833075408E-10,7.0,2,2,0,0,0,1,2,29.49999998509884,109.666664,97,0,0,0,0
7,17,41.858902057241075,17.84027668612743,6.0,3,3,0,0,0,3,3,28.799999959766865,124.166664,98,0,0,0,0
7,18,100.0,1.7896260654278498E-9,18.0,7,7,0,0,0,2,5,28.89999996870756,130.0,381,0,0,0,0
7,19,36.56699108945118,19.62810626142899,11.0,4,4,0,0,0,1,4,29.299999982118607,118.8,0,0,0,0,0
7,20,14.0922686596635,2.9972814321048965E-15,4.0,3,3,0,0,0,2,1,29.299999974668026,137.66667,0,0,0,0,0
7,21,10.869182307392188,1.5591851355687212,773.0,414,414,0,0,0,264,261,29.799999989569187,718.13715,194,0,0,0,0
7,22,17.749567399034927,1.0609334577354453E-10,4.0,2,2,0,0,0,2,2,29.19999997317791,144.5,95,0,0,0,0
7,23,29.159094392442857,1.0456270848009246E-11,784.0,409,409,0,0,0,266,262,29.099999964237213,714.875,96,0,0,0,0
7,24,13.653430598501863,2.913754592504409E-15,2.0,1,1,0,0,0,0,1,29.899999998509884,123.0,0,0,0,0,0
7,25,6.462595446763273,19.720753978463385,3.0,2,2,0,0,0,1,1,29.599999986588955,140.5,195,0,0,0,0
8,1,8.67500121554676,1.1306551186992158,452.0,240,240,0,0,0,130,134,29.799999997019768,647.38257,192,0,0,0,0
8,2,22.902860077947786,3.282951121546904E-11,4.0,4,4,0,0,0,3,1,28.999999962747097,100.75,94,0,0,0,0
8,3,30.59501098804971,6.1970680250646744E-12,4.0,4,4,0,0,0,1,5,29.19999998062849,121.5,96,0,0,0,0
8,4,27.459651754035562,1.0870928802383308E-10,4.0,4,4,0,0,0,0,4,29.599999994039536,124.25,96,0,0,0,0
8,5,27.58428552882741,2.439767548455544,448.0,241,241,0,0,0,134,133,28.699999950826168,701.7903,484,0,0,0,0
8,6,22.81432799173217,3.282922648823816E-11,13.0,6,6,0,0,0,3,3,28.799999959766865,78.333336,94,0,0,0,0
8,7,46.38573915259134,17.666155213683314,16.0,7,7,0,0,0,4,5,28.299999944865704,118.111115,100,0,0,0,0
8,8,30.57439679819713,1.3701432977714201E-9,889.0,450,450,0,0,0,265,265,29.099999971687794,712.06415,383,0,0,0,0
8,9,41.046282894624255,19.00966064462155,16.0,6,6,0,0,0,3,4,28.69999995827675,82.28571,101,0,0,0,0
8,10,38.361105959362334,1.0813877566506926E-10,6.0,5,5,0,0,0,1,5,29.19999998062849,132.0,99,0,0,0,0
8,11,30.100864640713674,6.320786464975737E-12,3.0,1,1,0,0,0,2,0,29.399999976158142,79.0,98,0,0,0,0
8,12,34.806816731892646,1.3847058509779345E-9,958.0,466,466,0,0,0,261,264,30.400000020861626,649.50287,382,0,0,0,0
8,13,61.99731803863569,100.0,5930.0,2865,2864,1,0,0,1619,1633,9.399999305605888,639.9016,1930,0,0,0,0
8,14,100.0,1.4882664023623873E-9,929.0,458,457,1,0,0,260,264,30.700000032782555,704.147,387,0,0,0,0
8,15,40.156718985489086,6.331508475506668E-12,2.0,2,2,0,0,0,1,2,29.49999998509884,106.0,99,0,0,0,0
8,16,24.539979155223918,1.1032133833075408E-10,7.0,2,2,0,0,0,1,2,29.49999998509884,109.666664,97,0,0,0,0
8,17,51.179891773795624,17.84027668612743,7.0,4,4,0,0,0,3,3,28.799999959766865,124.166664,98,0,0,0,0
8,18,91.47661641224892,1.7896260654278498E-9,17.0,7,7,0,0,0,2,5,28.89999996870756,130.0,381,0,0,0,0
8,19,46.43489903662715,19.62810626142899,8.0,3,3,0,0,0,1,4,29.299999982118607,118.8,0,0,0,0,0
8,20,18.819705922028632,2.9972814321048965E-15,4.0,3,3,0,0,0,2,1,29.299999974668026,137.66667,0,0,0,0,0
8,21,14.459413177162592,1.5591851355687212,747.0,399,399,0,0,0,264,261,29.799999989569187,718.13715,194,0,0,0,0
8,22,20.72523685000278,1.0609334577354453E-10,4.0,3,3,0,0,0,1,2,29.49999998509884,145.0,95,0,0,0,0
8,23,33.54116382562711,1.0456270848009246E-11,776.0,409,409,0,0,0,266,261,29.19999996572733,715.3074,96,0,0,0,0
8,24,18.031945283585152,2.913754592504409E-15,1.0,1,1,0,0,0,0,1,29.899999998509884,123.0,0,0,0,0,0
8,25,9.062448247999562,19.720753978463385,3.0,2,2,0,0,0,1,1,29.599999986588955,140.5,195,0,0,0,0
9,1,10.5544139563929,1.1306551186992158,462.0,237,237,0,0,0,130,134,29.799999997019768,647.38257,192,0,0,0,0
9,2,26.870365790947325,3.282951121546904E-11,4.0,4,4,0,0,0,3,1,28.999999962747097,100.75,94,0,0,0,0
9,3,36.35268488517955,6.1970680250646744E-12,4.0,4,4,0,0,0,1,5,29.19999998062849,121.5,96,0,0,0,0
9,4,47.28343153722654,1.0870928802383308E-10,4.0,4,4,0,0,0,0,4,29.599999994039536,124.25,96,0,0,0,0
9,5,34.10185775541379,2.439767548455544,460.0,246,246,0,0,0,134,133,28.699999950826168,701.7903,484,0,0,0,0
9,6,26.60835977727799,3.282922648823816E-11,13.0,6,6,0,0,0,3,3,28.799999959766865,78.333336,94,0,0,0,0
9,7,43.19821132819686,17.666155213683314,24.0,9,9,0,0,0,4,5,28.299999944865704,118.111115,100,0,0,0,0
9,8,39.13010833017119,1.3701432977714201E-9,916.0,461,461,0,0,0,265,265,29.099999971687794,712.06415,383,0,0,0,0
9,9,65.64412942072613,19.00966064462155,12.0,4,4,0,0,0,3,4,28.69999995827675,82.28571,101,0,0,0,0
9,10,43.30278413916454,1.0813877566506926E-10,7.0,5,5,0,0,0,1,5,29.19999998062849,132.0,99,0,0,0,0
9,11,36.436891553592574,6.320786464975737E-12,5.0,2,2,0,0,0,2,0,29.399999976158142,79.0,98,0,0,0,0
9,12,39.484904978933976,1.3847058509779345E-9,947.0,457,457,0,0,0,262,263,30.200000010430813,649.0076,382,0,0,0,0
9,13,100.0,100.0,5906.0,2848,2847,1,0,0,1615,1634,10.499999351799488,639.21576,1930,0,0,0,0
9,14,97.44039154071561,1.4882664023623873E-9,934.0,455,454,1,0,0,260,264,30.700000032782555,704.147,387,0,0,0,0
9,15,43.12954406868525,6.331508475506668E-12,3.0,3,3,0,0,0,1,2,29.49999998509884,106.0,99,0,0,0,0
9,16,29.4828121254129,1.1032133833075408E-10,10.0,3,3,0,0,0,1,2,29.49999998509884,109.666664,97,0,0,0,0
9,17,62.069200642951785,17.84027668612743,6.0,3,3,0,0,0,3,3,28.799999959766865,124.166664,98,0,0,0,0
9,18,98.6524020441331,1.7896260654278498E-9,15.0,7,7,0,0,0,2,5,28.89999996870756,130.0,381,0,0,0,0
9,19,53.59959905759763,19.62810626142899,12.0,5,5,0,0,0,1,4,29.299999982118607,118.8,0,0,0,0,0
9,20,22.250848679569035,2.9972814321048965E-15,4.0,3,3,0,0,0,2,1,29.299999974668026,137.66667,0,0,0,0,0
9,21,17.20394506271909,1.5591851355687212,764.0,407,407,0,0,0,263,261,30.100000001490116,717.69275,194,0,0,0,0
9,22,29.01886391877538,1.0609334577354453E-10,3.0,2,2,0,0,0,1,2,29.49999998509884,145.0,95,0,0,0,0
9,23,39.02620924779833,1.0456270848009246E-11,737.0,387,387,0,0,0,266,259,29.39999996870756,716.1771,96,0,0,0,0
9,24,21.698624783721097,2.913754592504409E-15,1.0,1,1,0,0,0,0,1,29.899999998509884,123.0,0,0,0,0,0
9,25,11.12667583930791,19.720753978463385,3.0,2,2,0,0,0,1,1,29.599999986588955,140.5,195,0,0,0,0
10,1,10.5544139563929,1.1306551186992158,455.0,230,230,0,0,0,130,134,29.799999997019768,647.38257,192,0,0,0,0
10,2,26.870365790947325,3.282951121546904E-11,4.0,4,4,0,0,0,3,1,28.999999962747097,100.75,94,0,0,0,0
10,3,36.35268488517955,6.1970680250646744E-12,4.0,4,4,0,0,0,1,5,29.19999998062849,121.5,96,0,0,0,0
10,4,47.28343153722654,1.0870928802383308E-10,4.0,4,4,0,0,0,0,4,29.599999994039536,124.25,96,0,0,0,0
10,5,34.10185775541379,2.439767548455544,441.0,233,233,0,0,0,134,133,28.699999950826168,701.7903,484,0,0,0,0
10,6,26.60835977727799,3.282922648823816E-11,10.0,4,4,0,0,0,3,3,28.799999959766865,78.333336,94,0,0,0,0
10,7,43.19821132819686,17.666155213683314,24.0,9,9,0,0,0,4,5,28.299999944865704,118.111115,100,0,0,0,0
10,8,39.13010833017119,1.3701432977714201E-9,902.0,454,454,0,0,0,265,265,29.099999971687794,712.06415,383,0,0,0,0
10,9,65.64412942072613,19.00966064462155,16.0,6,6,0,0,0,3,4,28.69999995827675,82.28571,101,0,0,0,0
10,10,43.30278413916454,1.0813877566506926E-10,7.0,5,5,0,0,0,1,5,29.19999998062849,132.0,99,0,0,0,0
10,11,36.436891553592574,6.320786464975737E-12,4.0,2,2,0,0,0,2,0,29.399999976158142,79.0,98,0,0,0,0
10,12,39.484904978933976,1.3847058509779345E-9,922.0,458,458,0,0,0,261,262,30.600000023841858,648.9828,382,0,0,0,0
10,13,100.0,100.0,5923.0,2845,2845,0,0,0,1612,1635,11.299999386072159,638.8346,1930,0,0,0,0
10,14,97.44039154071561,1.4882664023623873E-9,945.0,460,460,0,0,0,260,263,30.80000003427267,704.631,387,0,0,0,0
10,15,43.12954406868525,6.331508475506668E-12,3.0,3,3,0,0,0,1,2,29.49999998509884,106.0,99,0,0,0,0
10,16,29.4828121254129,1.1032133833075408E-10,8.0,3,3,0,0,0,1,2,29.49999998509884,109.666664,97,0,0,0,0
10,17,62.069200642951785,17.84027668612743,5.0,4,4,0,0,0,3,3,28.799999959766865,124.166664,98,0,0,0,0
10,18,98.6524020441331,1.7896260654278498E-9,13.0,6,6,0,0,0,2,5,28.89999996870756,130.0,381,0,0,0,0
10,19,53.59959905759763,19.62810626142899,10.0,4,4,0,0,0,1,4,29.299999982118607,118.8,0,0,0,0,0
10,20,22.250848679569035,2.9972814321048965E-15,1.0,1,1,0,0,0,2,1,29.299999974668026,137.66667,0,0,0,0,0
10,21,17.20394506271909,1.5591851355687212,738.0,383,383,0,0,0,263,261,30.100000001490116,717.69275,194,0,0,0,0
10,22,29.01886391877538,1.0609334577354453E-10,6.0,2,2,0,0,0,1,2,29.49999998509884,145.0,95,0,0,0,0
10,23,39.02620924779833,1.0456270848009246E-11,747.0,392,391,1,0,0,265,259,29.69999998062849,715.729,96,0,0,0,0
10,24,21.698624783721097,2.913754592504409E-15,0.0,0,0,0,0,0,0,1,29.899999998509884,123.0,0,0,0,0,0
10,25,11.12667583930791,19.720753978463385,3.0,2,2,0,0,0,1,1,29.599999986588955,140.5,195,0,0,0,0
